model,origin,lead,timestamp,forecast,actual
ensemble,0,0,2025-12-08 00:00:00,0.20990849707241852,0.0927
ensemble,0,1,2025-12-08 01:00:00,1.001896461061633,0.8737
ensemble,0,2,2025-12-08 02:00:00,1.389416299272327,1.2586
ensemble,0,3,2025-12-08 03:00:00,1.3024826599925767,1.1391
ensemble,0,4,2025-12-08 04:00:00,1.331607130116833,1.2031
ensemble,0,5,2025-12-08 05:00:00,1.3817826560736668,1.279
ensemble,0,6,2025-12-08 06:00:00,4.65033171682889,4.5471
ensemble,0,7,2025-12-08 07:00:00,2.9897251222100962,2.9267
ensemble,0,8,2025-12-08 08:00:00,1.937774294871671,2.0909
ensemble,0,9,2025-12-08 09:00:00,1.487171967702963,1.7182
ensemble,0,10,2025-12-08 10:00:00,1.391395113079474,1.4126
ensemble,0,11,2025-12-08 11:00:00,1.3337578383414597,1.1792
ensemble,0,12,2025-12-08 12:00:00,1.5731428899816646,1.1551
ensemble,0,13,2025-12-08 13:00:00,1.3737436703671229,1.9474
ensemble,0,14,2025-12-08 14:00:00,1.245026745919564,1.1868
ensemble,0,15,2025-12-08 15:00:00,1.2907594610821724,1.1901
ensemble,0,16,2025-12-08 16:00:00,1.3498810086792186,1.1847
ensemble,0,17,2025-12-08 17:00:00,1.6857787049239923,1.3794
ensemble,0,18,2025-12-08 18:00:00,1.7940857415382576,2.7414
ensemble,0,19,2025-12-08 19:00:00,2.7546792010026806,1.9512
ensemble,0,20,2025-12-08 20:00:00,2.1080720771595116,2.716
ensemble,0,21,2025-12-08 21:00:00,2.5151424257620882,1.4442
ensemble,0,22,2025-12-08 22:00:00,0.974200872819125,0.3381
ensemble,0,23,2025-12-08 23:00:00,0.9306179365212768,0.3357
ensemble,0,24,2025-12-09 00:00:00,0.32702079879101903,0.1962
ensemble,0,25,2025-12-09 01:00:00,0.3479988985032704,0.3981
ensemble,0,26,2025-12-09 02:00:00,0.8345106518132996,0.9278
ensemble,0,27,2025-12-09 03:00:00,0.9624130336107396,0.8579
ensemble,0,28,2025-12-09 04:00:00,0.8788736483736472,0.8365
ensemble,0,29,2025-12-09 05:00:00,1.0041022720215522,0.79
ensemble,0,30,2025-12-09 06:00:00,4.678158491323137,4.5636
ensemble,0,31,2025-12-09 07:00:00,2.2341155455654134,1.5757
ensemble,0,32,2025-12-09 08:00:00,1.7819197977832628,1.5091
ensemble,0,33,2025-12-09 09:00:00,1.3177786544875791,1.0016
ensemble,0,34,2025-12-09 10:00:00,1.0671638524158131,0.923
ensemble,0,35,2025-12-09 11:00:00,0.983991103767567,0.8213
ensemble,0,36,2025-12-09 12:00:00,1.1664851504712535,1.3455
ensemble,0,37,2025-12-09 13:00:00,0.8960195353450294,0.8283
ensemble,0,38,2025-12-09 14:00:00,0.8866186340616704,0.7622
ensemble,0,39,2025-12-09 15:00:00,1.0154620409573156,1.5805
ensemble,0,40,2025-12-09 16:00:00,0.8899425098261866,1.2093
ensemble,0,41,2025-12-09 17:00:00,1.6250729484430988,1.4797
ensemble,0,42,2025-12-09 18:00:00,2.702477002088094,2.423
ensemble,0,43,2025-12-09 19:00:00,3.047458660407156,1.4093
ensemble,0,44,2025-12-09 20:00:00,1.605660257503824,1.3326
ensemble,0,45,2025-12-09 21:00:00,1.9573435843443914,2.0274
ensemble,0,46,2025-12-09 22:00:00,0.29460021529595937,0.3425
ensemble,0,47,2025-12-09 23:00:00,0.4111291230009467,0.2155
ensemble,0,48,2025-12-10 00:00:00,0.1961291088304503,0.2225
ensemble,0,49,2025-12-10 01:00:00,0.10522625536676461,0.0906
ensemble,0,50,2025-12-10 02:00:00,0.27014095609827327,0.59
ensemble,0,51,2025-12-10 03:00:00,0.5444868966092139,0.8113
ensemble,0,52,2025-12-10 04:00:00,0.8122988105885859,0.8969
ensemble,0,53,2025-12-10 05:00:00,0.8299394889731644,0.95
ensemble,0,54,2025-12-10 06:00:00,4.683759620275732,4.0194
ensemble,0,55,2025-12-10 07:00:00,2.2789309788231606,1.9807
ensemble,0,56,2025-12-10 08:00:00,2.0299809568480858,1.9917
ensemble,0,57,2025-12-10 09:00:00,1.4936554994574482,1.4063
ensemble,0,58,2025-12-10 10:00:00,1.1751639778253642,1.2487
ensemble,0,59,2025-12-10 11:00:00,1.1405758563290598,1.126
ensemble,0,60,2025-12-10 12:00:00,1.4750095389687539,0.902
ensemble,0,61,2025-12-10 13:00:00,1.0551994832987672,0.7442
ensemble,0,62,2025-12-10 14:00:00,0.8844797754846386,0.7129
ensemble,0,63,2025-12-10 15:00:00,1.2735224479537899,0.9002
ensemble,0,64,2025-12-10 16:00:00,1.0997966705249298,0.8822
ensemble,0,65,2025-12-10 17:00:00,1.4973575334213411,1.2765
ensemble,0,66,2025-12-10 18:00:00,2.5306566996239996,3.6201
ensemble,0,67,2025-12-10 19:00:00,2.2426723309402057,3.4811
ensemble,0,68,2025-12-10 20:00:00,1.70252967677178,1.5068
ensemble,0,69,2025-12-10 21:00:00,1.9568094414113288,1.7781
ensemble,0,70,2025-12-10 22:00:00,0.49847654947478676,0.3066
ensemble,0,71,2025-12-10 23:00:00,0.6293817531384093,0.2281
ensemble,0,72,2025-12-11 00:00:00,0.2599863656127292,0.2154
ensemble,0,73,2025-12-11 01:00:00,1.0032168178739815,0.9628
ensemble,0,74,2025-12-11 02:00:00,1.1135947240631117,1.1514
ensemble,0,75,2025-12-11 03:00:00,1.0897109278713666,1.1276
ensemble,0,76,2025-12-11 04:00:00,1.1659555089615716,1.1766
ensemble,0,77,2025-12-11 05:00:00,1.2259024654049315,1.079
ensemble,0,78,2025-12-11 06:00:00,4.677572420523822,4.6706
ensemble,0,79,2025-12-11 07:00:00,2.401343094276691,2.5743
ensemble,0,80,2025-12-11 08:00:00,2.0219905515655023,1.7779
ensemble,0,81,2025-12-11 09:00:00,1.4658912581799137,1.4609
ensemble,0,82,2025-12-11 10:00:00,1.3248088859216678,1.2826
ensemble,0,83,2025-12-11 11:00:00,1.2738725429396156,1.2175
ensemble,0,84,2025-12-11 12:00:00,1.6066152889182252,1.0048
ensemble,0,85,2025-12-11 13:00:00,1.287644625739217,1.0124
ensemble,0,86,2025-12-11 14:00:00,1.1814622858990529,1.0125
ensemble,0,87,2025-12-11 15:00:00,1.4114882703402467,0.9848
ensemble,0,88,2025-12-11 16:00:00,1.1102308285535964,1.0723
ensemble,0,89,2025-12-11 17:00:00,1.4809961155486058,1.4017
ensemble,0,90,2025-12-11 18:00:00,1.6075097757850156,3.4173
ensemble,0,91,2025-12-11 19:00:00,2.0559845783954507,1.6095
ensemble,0,92,2025-12-11 20:00:00,1.8849433855174687,2.4827
ensemble,0,93,2025-12-11 21:00:00,1.7417861376417665,1.5131
ensemble,0,94,2025-12-11 22:00:00,0.3888049164227665,0.362
ensemble,0,95,2025-12-11 23:00:00,0.5298341754616683,0.6493
ensemble,0,96,2025-12-12 00:00:00,0.3270184441398666,0.2212
ensemble,0,97,2025-12-12 01:00:00,0.7024885311736987,0.7073
ensemble,0,98,2025-12-12 02:00:00,1.1933564662165494,1.1177
ensemble,0,99,2025-12-12 03:00:00,1.3149189679201987,1.1047
ensemble,0,100,2025-12-12 04:00:00,1.3288628872840118,1.2223
ensemble,0,101,2025-12-12 05:00:00,1.4930680789151964,1.1494
ensemble,0,102,2025-12-12 06:00:00,4.7031973863582435,4.93
ensemble,0,103,2025-12-12 07:00:00,3.3894258124012038,2.6835
ensemble,0,104,2025-12-12 08:00:00,2.0949729110486714,2.1651
ensemble,0,105,2025-12-12 09:00:00,1.6009946121302667,1.6741
ensemble,0,106,2025-12-12 10:00:00,1.9209744374399866,1.5268
ensemble,0,107,2025-12-12 11:00:00,1.5961271542494089,1.3689
ensemble,0,108,2025-12-12 12:00:00,1.4983792776658649,2.0867
ensemble,0,109,2025-12-12 13:00:00,1.3236253818887156,1.1019
ensemble,0,110,2025-12-12 14:00:00,1.5574044028246696,1.0831
ensemble,0,111,2025-12-12 15:00:00,1.4057185271325223,1.2873
ensemble,0,112,2025-12-12 16:00:00,1.533544450195172,1.5842
ensemble,0,113,2025-12-12 17:00:00,1.8319900209377022,1.6343
ensemble,0,114,2025-12-12 18:00:00,1.8493280768443423,1.742
ensemble,0,115,2025-12-12 19:00:00,3.2282499689925563,5.4136
ensemble,0,116,2025-12-12 20:00:00,2.619351421374183,2.1909
ensemble,0,117,2025-12-12 21:00:00,2.0247074938353764,2.8993
ensemble,0,118,2025-12-12 22:00:00,0.38958665421959726,0.3407
ensemble,0,119,2025-12-12 23:00:00,0.5737302140415603,0.5487
ensemble,0,120,2025-12-13 00:00:00,0.7446524006694875,0.9686
ensemble,0,121,2025-12-13 01:00:00,1.352658026996401,1.8125
ensemble,0,122,2025-12-13 02:00:00,1.4267693809174171,1.694
ensemble,0,123,2025-12-13 03:00:00,1.5859937497280578,1.663
ensemble,0,124,2025-12-13 04:00:00,1.6501748448482088,1.6192
ensemble,0,125,2025-12-13 05:00:00,1.8309678158888116,1.6844
ensemble,0,126,2025-12-13 06:00:00,3.861673042359337,3.816
ensemble,0,127,2025-12-13 07:00:00,3.780548623135867,3.5956
ensemble,0,128,2025-12-13 08:00:00,3.746480824843512,2.5452
ensemble,0,129,2025-12-13 09:00:00,2.476076670274782,2.6358
ensemble,0,130,2025-12-13 10:00:00,2.0071501414962363,1.8573
ensemble,0,131,2025-12-13 11:00:00,2.094368082517069,1.9994
ensemble,0,132,2025-12-13 12:00:00,1.803588111275001,1.3761
ensemble,0,133,2025-12-13 13:00:00,1.624037824133828,1.6863
ensemble,0,134,2025-12-13 14:00:00,1.4957447127529313,1.5901
ensemble,0,135,2025-12-13 15:00:00,1.4955015066876192,1.7395
ensemble,0,136,2025-12-13 16:00:00,1.3599221048927126,1.9321
ensemble,0,137,2025-12-13 17:00:00,2.0346729966921324,3.37
ensemble,0,138,2025-12-13 18:00:00,2.4972306251801784,2.1478
ensemble,0,139,2025-12-13 19:00:00,3.696911622285587,2.1249
ensemble,0,140,2025-12-13 20:00:00,2.877230199011051,2.1232
ensemble,0,141,2025-12-13 21:00:00,2.3477137628681137,3.0071
ensemble,0,142,2025-12-13 22:00:00,0.630449104670851,0.3753
ensemble,0,143,2025-12-13 23:00:00,0.782265042344991,1.0907
ensemble,0,144,2025-12-14 00:00:00,0.570546281651991,0.5902
ensemble,0,145,2025-12-14 01:00:00,1.2894597138084178,1.3673
ensemble,0,146,2025-12-14 02:00:00,1.450285112223858,1.3268
ensemble,0,147,2025-12-14 03:00:00,1.5046894547025227,1.4051
ensemble,0,148,2025-12-14 04:00:00,1.5805386652720796,1.4688
ensemble,0,149,2025-12-14 05:00:00,1.615976354256093,1.4778
ensemble,0,150,2025-12-14 06:00:00,3.5419404996696047,3.5381
ensemble,0,151,2025-12-14 07:00:00,3.1988542253270067,3.0497
ensemble,0,152,2025-12-14 08:00:00,2.512995139269556,2.2054
ensemble,0,153,2025-12-14 09:00:00,1.8902847535973768,1.8404
ensemble,0,154,2025-12-14 10:00:00,1.3832058803931977,1.874
ensemble,0,155,2025-12-14 11:00:00,1.6982193458528252,1.6191
ensemble,0,156,2025-12-14 12:00:00,1.927702025569504,3.1584
ensemble,0,157,2025-12-14 13:00:00,1.6323424855215993,1.2534
ensemble,0,158,2025-12-14 14:00:00,1.0284769555773308,1.0544
ensemble,0,159,2025-12-14 15:00:00,1.495578689284372,1.3871
ensemble,0,160,2025-12-14 16:00:00,1.610500417803912,1.7649
ensemble,0,161,2025-12-14 17:00:00,2.5002199755661647,1.5124
ensemble,0,162,2025-12-14 18:00:00,3.5918589268077072,2.3197
ensemble,0,163,2025-12-14 19:00:00,4.721609827901285,4.7531
ensemble,0,164,2025-12-14 20:00:00,2.782099420666313,1.9611
ensemble,0,165,2025-12-14 21:00:00,2.4112545445804012,2.0341
ensemble,0,166,2025-12-14 22:00:00,0.7011609082296045,0.3941
ensemble,0,167,2025-12-14 23:00:00,0.7063521800175906,0.2978
ensemble,1,0,2026-01-19 00:00:00,3.161378817541673,3.2352
ensemble,1,1,2026-01-19 01:00:00,3.282564214186166,3.3387
ensemble,1,2,2026-01-19 02:00:00,3.3652771376060264,3.3511
ensemble,1,3,2026-01-19 03:00:00,3.2827758139964534,3.3937
ensemble,1,4,2026-01-19 04:00:00,3.3368971924353032,3.6383
ensemble,1,5,2026-01-19 05:00:00,3.359840123768371,3.7883
ensemble,1,6,2026-01-19 06:00:00,4.946051335108833,3.9776
ensemble,1,7,2026-01-19 07:00:00,4.510042605520598,3.8993
ensemble,1,8,2026-01-19 08:00:00,4.723749082840453,4.2
ensemble,1,9,2026-01-19 09:00:00,4.208097973509086,3.9811
ensemble,1,10,2026-01-19 10:00:00,4.022911270518185,3.8799
ensemble,1,11,2026-01-19 11:00:00,4.452008643067713,3.8632
ensemble,1,12,2026-01-19 12:00:00,4.046907595034682,5.5053
ensemble,1,13,2026-01-19 13:00:00,3.765277628379114,3.5149
ensemble,1,14,2026-01-19 14:00:00,2.5927540891582463,3.8361
ensemble,1,15,2026-01-19 15:00:00,3.2105723180788037,2.3832
ensemble,1,16,2026-01-19 16:00:00,2.690951915023964,2.1884
ensemble,1,17,2026-01-19 17:00:00,3.2185647301745175,2.5024
ensemble,1,18,2026-01-19 18:00:00,3.6958647105823466,4.3223
ensemble,1,19,2026-01-19 19:00:00,4.418796951947246,5.4954
ensemble,1,20,2026-01-19 20:00:00,4.550028014340953,3.8238
ensemble,1,21,2026-01-19 21:00:00,3.5227303343889123,3.1066
ensemble,1,22,2026-01-19 22:00:00,0.62266301096269,0.2735
ensemble,1,23,2026-01-19 23:00:00,1.1161554856424916,0.7618
ensemble,1,24,2026-01-20 00:00:00,3.1104150091622618,2.9468
ensemble,1,25,2026-01-20 01:00:00,3.0406859921810665,2.7739
ensemble,1,26,2026-01-20 02:00:00,3.2780368504106123,2.79
ensemble,1,27,2026-01-20 03:00:00,3.2946192368354423,2.7372
ensemble,1,28,2026-01-20 04:00:00,3.464759826125302,2.7519
ensemble,1,29,2026-01-20 05:00:00,3.428858000208201,2.7948
ensemble,1,30,2026-01-20 06:00:00,4.679364477599545,4.3038
ensemble,1,31,2026-01-20 07:00:00,4.201478569527209,3.7043
ensemble,1,32,2026-01-20 08:00:00,4.528483841264711,4.3441
ensemble,1,33,2026-01-20 09:00:00,3.714921426079657,3.9095
ensemble,1,34,2026-01-20 10:00:00,3.1655829346465576,3.6225
ensemble,1,35,2026-01-20 11:00:00,3.204733254043799,3.2977
ensemble,1,36,2026-01-20 12:00:00,2.963454512092441,2.0573
ensemble,1,37,2026-01-20 13:00:00,2.887483804439838,2.1227
ensemble,1,38,2026-01-20 14:00:00,1.6303216114089674,1.4372
ensemble,1,39,2026-01-20 15:00:00,2.129295681944297,1.6102
ensemble,1,40,2026-01-20 16:00:00,1.9652224859977283,1.826
ensemble,1,41,2026-01-20 17:00:00,2.877632835087907,5.7808
ensemble,1,42,2026-01-20 18:00:00,3.377747397048542,2.5094
ensemble,1,43,2026-01-20 19:00:00,4.448261582673926,2.5415
ensemble,1,44,2026-01-20 20:00:00,4.363151388691598,2.6341
ensemble,1,45,2026-01-20 21:00:00,3.322701227279164,3.499
ensemble,1,46,2026-01-20 22:00:00,0.3898047919619372,0.3473
ensemble,1,47,2026-01-20 23:00:00,0.4874009764970177,0.6443
ensemble,1,48,2026-01-21 00:00:00,2.827510643571073,2.5874
ensemble,1,49,2026-01-21 01:00:00,2.772597985659192,2.5644
ensemble,1,50,2026-01-21 02:00:00,2.5785762408600457,2.5597
ensemble,1,51,2026-01-21 03:00:00,2.3246245839171134,2.411
ensemble,1,52,2026-01-21 04:00:00,2.223271282542453,2.1115
ensemble,1,53,2026-01-21 05:00:00,2.267287497765161,2.1895
ensemble,1,54,2026-01-21 06:00:00,4.6476705224564565,4.4227
ensemble,1,55,2026-01-21 07:00:00,4.211885512177745,3.7925
ensemble,1,56,2026-01-21 08:00:00,4.457126495763205,4.2923
ensemble,1,57,2026-01-21 09:00:00,3.7589741498088194,3.893
ensemble,1,58,2026-01-21 10:00:00,3.5973922885684932,3.4247
ensemble,1,59,2026-01-21 11:00:00,3.357139117906493,2.2148
ensemble,1,60,2026-01-21 12:00:00,3.0942257901109778,2.5761
ensemble,1,61,2026-01-21 13:00:00,2.5784936119394666,2.1192
ensemble,1,62,2026-01-21 14:00:00,2.4310510153707208,1.5773
ensemble,1,63,2026-01-21 15:00:00,2.677775866997188,1.6483
ensemble,1,64,2026-01-21 16:00:00,2.1903172854059076,1.7381
ensemble,1,65,2026-01-21 17:00:00,3.0408753406216245,2.2883
ensemble,1,66,2026-01-21 18:00:00,3.8040506139379318,3.6484
ensemble,1,67,2026-01-21 19:00:00,3.934838578044275,4.9839
ensemble,1,68,2026-01-21 20:00:00,3.6936752996900464,2.8748
ensemble,1,69,2026-01-21 21:00:00,3.2367909344762413,3.1165
ensemble,1,70,2026-01-21 22:00:00,0.3666102387146343,0.3214
ensemble,1,71,2026-01-21 23:00:00,0.5030013446725901,1.3189
ensemble,1,72,2026-01-22 00:00:00,3.369085193266436,3.1754
ensemble,1,73,2026-01-22 01:00:00,3.2091829686476814,3.0206
ensemble,1,74,2026-01-22 02:00:00,3.1632753604654535,3.333
ensemble,1,75,2026-01-22 03:00:00,3.3443942420174158,3.2705
ensemble,1,76,2026-01-22 04:00:00,3.2834519770710533,3.5313
ensemble,1,77,2026-01-22 05:00:00,3.276774218729044,3.248
ensemble,1,78,2026-01-22 06:00:00,4.783960385097767,5.3525
ensemble,1,79,2026-01-22 07:00:00,4.231769530607719,3.7246
ensemble,1,80,2026-01-22 08:00:00,4.554535768324016,4.7296
ensemble,1,81,2026-01-22 09:00:00,4.055246535651887,3.9557
ensemble,1,82,2026-01-22 10:00:00,3.9347997046941234,3.9092
ensemble,1,83,2026-01-22 11:00:00,3.740216805204359,3.7922
ensemble,1,84,2026-01-22 12:00:00,3.187770495153893,3.8685
ensemble,1,85,2026-01-22 13:00:00,2.5856193526040863,2.8283
ensemble,1,86,2026-01-22 14:00:00,2.424237301749723,1.8036
ensemble,1,87,2026-01-22 15:00:00,2.1718415456942046,1.7687
ensemble,1,88,2026-01-22 16:00:00,1.8628798717492128,1.7671
ensemble,1,89,2026-01-22 17:00:00,2.9838150854042818,2.5104
ensemble,1,90,2026-01-22 18:00:00,3.150150310785928,2.6024
ensemble,1,91,2026-01-22 19:00:00,3.8142162774106496,4.6633
ensemble,1,92,2026-01-22 20:00:00,3.327150525420189,2.4545
ensemble,1,93,2026-01-22 21:00:00,2.736983334622092,2.3245
ensemble,1,94,2026-01-22 22:00:00,0.41585368207189977,0.3924
ensemble,1,95,2026-01-22 23:00:00,0.4578751531351543,0.3947
ensemble,1,96,2026-01-23 00:00:00,2.248793101596937,1.9018
ensemble,1,97,2026-01-23 01:00:00,2.324538655216258,2.0901
ensemble,1,98,2026-01-23 02:00:00,2.3779436500212214,2.0332
ensemble,1,99,2026-01-23 03:00:00,2.4148603029418476,2.1728
ensemble,1,100,2026-01-23 04:00:00,2.7103393182198428,2.3327
ensemble,1,101,2026-01-23 05:00:00,2.5058426612346807,2.3517
ensemble,1,102,2026-01-23 06:00:00,4.728189639698027,3.9619
ensemble,1,103,2026-01-23 07:00:00,4.008356787709519,3.8169
ensemble,1,104,2026-01-23 08:00:00,4.318464585657619,3.8243
ensemble,1,105,2026-01-23 09:00:00,3.20904808245972,3.6237
ensemble,1,106,2026-01-23 10:00:00,2.998249475172514,3.4245
ensemble,1,107,2026-01-23 11:00:00,3.063933188041042,2.5681
ensemble,1,108,2026-01-23 12:00:00,2.796014251910495,2.642
ensemble,1,109,2026-01-23 13:00:00,2.996204752080239,2.3151
ensemble,1,110,2026-01-23 14:00:00,2.7187998129278257,2.2074
ensemble,1,111,2026-01-23 15:00:00,2.8563641452288473,2.4075
ensemble,1,112,2026-01-23 16:00:00,2.735341851775988,2.3965
ensemble,1,113,2026-01-23 17:00:00,3.000899292037529,2.7271
ensemble,1,114,2026-01-23 18:00:00,3.7752115250967937,2.8855
ensemble,1,115,2026-01-23 19:00:00,3.8678661710295494,3.8712
ensemble,1,116,2026-01-23 20:00:00,3.990415615173488,3.9535
ensemble,1,117,2026-01-23 21:00:00,3.5101592976319687,2.4824
ensemble,1,118,2026-01-23 22:00:00,0.4870104191026049,0.3705
ensemble,1,119,2026-01-23 23:00:00,0.5816177486040676,0.6848
ensemble,1,120,2026-01-24 00:00:00,1.824079598060436,1.9001
ensemble,1,121,2026-01-24 01:00:00,2.260034733742495,1.9899
ensemble,1,122,2026-01-24 02:00:00,2.264980657859655,2.0976
ensemble,1,123,2026-01-24 03:00:00,2.2676914594073434,1.9179
ensemble,1,124,2026-01-24 04:00:00,1.9733774200356164,2.0082
ensemble,1,125,2026-01-24 05:00:00,2.1352299416768075,1.9393
ensemble,1,126,2026-01-24 06:00:00,3.8060970628736714,3.7711
ensemble,1,127,2026-01-24 07:00:00,3.8433916010417812,3.7112
ensemble,1,128,2026-01-24 08:00:00,3.777772214184585,3.485
ensemble,1,129,2026-01-24 09:00:00,3.1982295472466604,2.8386
ensemble,1,130,2026-01-24 10:00:00,2.8381871213296157,0.0996
ensemble,1,131,2026-01-24 11:00:00,2.8390543904616306,1.1683
ensemble,1,132,2026-01-24 12:00:00,2.5211251758271693,1.7897
ensemble,1,133,2026-01-24 13:00:00,2.344382200962035,1.7154
ensemble,1,134,2026-01-24 14:00:00,2.183348320497384,1.8079
ensemble,1,135,2026-01-24 15:00:00,2.4762145632244734,3.9555
ensemble,1,136,2026-01-24 16:00:00,2.3390332578080346,3.0689
ensemble,1,137,2026-01-24 17:00:00,2.680716747624048,2.1084
ensemble,1,138,2026-01-24 18:00:00,3.211401739895477,2.3013
ensemble,1,139,2026-01-24 19:00:00,4.66055633118583,3.5263
ensemble,1,140,2026-01-24 20:00:00,4.036206436686915,3.3098
ensemble,1,141,2026-01-24 21:00:00,2.652036287202935,3.4703
ensemble,1,142,2026-01-24 22:00:00,0.330792547457271,0.3959
ensemble,1,143,2026-01-24 23:00:00,0.55470675665314,1.0175
ensemble,1,144,2026-01-25 00:00:00,1.492833856142613,1.4603
ensemble,1,145,2026-01-25 01:00:00,1.8274785868021948,1.7335
ensemble,1,146,2026-01-25 02:00:00,1.8067136546082139,1.7021
ensemble,1,147,2026-01-25 03:00:00,1.794307343976841,1.8353
ensemble,1,148,2026-01-25 04:00:00,1.7898417239629263,1.7565
ensemble,1,149,2026-01-25 05:00:00,1.9149333133453847,1.7002
ensemble,1,150,2026-01-25 06:00:00,3.7901307799683686,3.6805
ensemble,1,151,2026-01-25 07:00:00,3.6479718036299085,3.7284
ensemble,1,152,2026-01-25 08:00:00,3.271699887053137,2.4383
ensemble,1,153,2026-01-25 09:00:00,2.797329053522958,2.4569
ensemble,1,154,2026-01-25 10:00:00,2.854143478589624,2.7662
ensemble,1,155,2026-01-25 11:00:00,1.8798740721826692,1.7399
ensemble,1,156,2026-01-25 12:00:00,2.2714835088982,1.8093
ensemble,1,157,2026-01-25 13:00:00,1.9108506510191483,2.6652
ensemble,1,158,2026-01-25 14:00:00,1.1515220778890012,1.3707
ensemble,1,159,2026-01-25 15:00:00,1.156828843999951,1.3932
ensemble,1,160,2026-01-25 16:00:00,1.2123069002110407,1.6299
ensemble,1,161,2026-01-25 17:00:00,3.1734419492491743,2.2618
ensemble,1,162,2026-01-25 18:00:00,3.362342387415534,2.0946
ensemble,1,163,2026-01-25 19:00:00,3.2518222483570223,2.0627
ensemble,1,164,2026-01-25 20:00:00,2.2570820326817156,5.571
ensemble,1,165,2026-01-25 21:00:00,2.1230072580355777,3.3981
ensemble,1,166,2026-01-25 22:00:00,0.5852647038610491,0.2949
ensemble,1,167,2026-01-25 23:00:00,0.49258988459773695,0.2663
ensemble,2,0,2026-02-23 00:00:00,0.2579144521841878,0.0876
ensemble,2,1,2026-02-23 01:00:00,0.758692307271376,0.6542
ensemble,2,2,2026-02-23 02:00:00,1.0882746589674317,1.0314
ensemble,2,3,2026-02-23 03:00:00,1.2217060195623164,1.0705
ensemble,2,4,2026-02-23 04:00:00,1.1908473164372482,1.135
ensemble,2,5,2026-02-23 05:00:00,1.6742476082323126,1.329
ensemble,2,6,2026-02-23 06:00:00,4.549732242132286,3.749
ensemble,2,7,2026-02-23 07:00:00,2.511717077336866,2.5197
ensemble,2,8,2026-02-23 08:00:00,0.07920859878101445,0.0904
ensemble,2,9,2026-02-23 09:00:00,0.32503277181961543,0.11
ensemble,2,10,2026-02-23 10:00:00,0.9370316679824512,0.9177
ensemble,2,11,2026-02-23 11:00:00,0.8815605148590622,0.9189
ensemble,2,12,2026-02-23 12:00:00,0.8266165823419632,0.6609
ensemble,2,13,2026-02-23 13:00:00,0.6618199244737064,0.6091
ensemble,2,14,2026-02-23 14:00:00,2.985312467842642,2.8339
ensemble,2,15,2026-02-23 15:00:00,1.5824654826083753,1.0524
ensemble,2,16,2026-02-23 16:00:00,1.0567570744234571,0.9183
ensemble,2,17,2026-02-23 17:00:00,1.1614266670759992,3.1305
ensemble,2,18,2026-02-23 18:00:00,2.0277762413896654,2.4264
ensemble,2,19,2026-02-23 19:00:00,2.5947257224383384,1.5177
ensemble,2,20,2026-02-23 20:00:00,2.1842628727249784,2.5483
ensemble,2,21,2026-02-23 21:00:00,1.9811652587760078,1.4718
ensemble,2,22,2026-02-23 22:00:00,0.2802491765149202,0.3261
ensemble,2,23,2026-02-23 23:00:00,0.10384411473084405,0.1027
ensemble,2,24,2026-02-24 00:00:00,0.2969689249734039,0.1453
ensemble,2,25,2026-02-24 01:00:00,1.0637438574206959,1.2277
ensemble,2,26,2026-02-24 02:00:00,1.1151895723169223,1.2261
ensemble,2,27,2026-02-24 03:00:00,1.332260615915456,1.338
ensemble,2,28,2026-02-24 04:00:00,1.3822056100133313,1.2364
ensemble,2,29,2026-02-24 05:00:00,1.785115186667485,1.8884
ensemble,2,30,2026-02-24 06:00:00,4.484914710005301,4.3847
ensemble,2,31,2026-02-24 07:00:00,3.31932990435938,2.6879
ensemble,2,32,2026-02-24 08:00:00,1.8030627880482235,1.5834
ensemble,2,33,2026-02-24 09:00:00,1.5725379453566446,1.6663
ensemble,2,34,2026-02-24 10:00:00,1.284712397108397,2.3218
ensemble,2,35,2026-02-24 11:00:00,1.3477434389474208,1.2628
ensemble,2,36,2026-02-24 12:00:00,1.313231000746291,2.0732
ensemble,2,37,2026-02-24 13:00:00,1.3355109306432067,1.2898
ensemble,2,38,2026-02-24 14:00:00,1.3028400100925497,1.2933
ensemble,2,39,2026-02-24 15:00:00,1.7199127687451403,1.535
ensemble,2,40,2026-02-24 16:00:00,1.2984907601336384,1.3562
ensemble,2,41,2026-02-24 17:00:00,1.3833089191627737,1.2638
ensemble,2,42,2026-02-24 18:00:00,2.301564786148331,1.5352
ensemble,2,43,2026-02-24 19:00:00,2.701393695251136,4.3983
ensemble,2,44,2026-02-24 20:00:00,2.2526079109472716,2.0288
ensemble,2,45,2026-02-24 21:00:00,1.9677811016689908,1.5293
ensemble,2,46,2026-02-24 22:00:00,0.32836501149011466,0.363
ensemble,2,47,2026-02-24 23:00:00,0.09859486432807792,0.1213
ensemble,2,48,2026-02-25 00:00:00,0.4417669283402791,0.1731
ensemble,2,49,2026-02-25 01:00:00,1.2390564721645756,1.3948
ensemble,2,50,2026-02-25 02:00:00,1.3239805050707378,1.3859
ensemble,2,51,2026-02-25 03:00:00,1.3941998188292437,1.2394
ensemble,2,52,2026-02-25 04:00:00,1.3941505614021164,1.314
ensemble,2,53,2026-02-25 05:00:00,1.80833684616123,2.2616
ensemble,2,54,2026-02-25 06:00:00,4.734397756956114,3.8731
ensemble,2,55,2026-02-25 07:00:00,3.068582632935357,3.2963
ensemble,2,56,2026-02-25 08:00:00,0.16616169333313124,0.1182
ensemble,2,57,2026-02-25 09:00:00,0.3771675896906365,0.4016
ensemble,2,58,2026-02-25 10:00:00,1.077364840259251,1.3173
ensemble,2,59,2026-02-25 11:00:00,1.122714430580947,1.2231
ensemble,2,60,2026-02-25 12:00:00,1.191510421981591,1.0791
ensemble,2,61,2026-02-25 13:00:00,0.9627934662743158,1.1608
ensemble,2,62,2026-02-25 14:00:00,3.317817635688394,3.3958
ensemble,2,63,2026-02-25 15:00:00,1.836133950958924,2.1256
ensemble,2,64,2026-02-25 16:00:00,1.539982644014804,1.504
ensemble,2,65,2026-02-25 17:00:00,1.5753546568500654,1.4556
ensemble,2,66,2026-02-25 18:00:00,3.643884691274144,2.9852
ensemble,2,67,2026-02-25 19:00:00,3.523175267689308,1.8475
ensemble,2,68,2026-02-25 20:00:00,2.596959777029899,1.8845
ensemble,2,69,2026-02-25 21:00:00,2.8237112028426683,2.9613
ensemble,2,70,2026-02-25 22:00:00,0.38554050341109397,0.3428
ensemble,2,71,2026-02-25 23:00:00,0.2133277397200301,0.1182
ensemble,2,72,2026-02-26 00:00:00,1.2472131419985844,1.0669
ensemble,2,73,2026-02-26 01:00:00,1.7609579217671032,1.8608
ensemble,2,74,2026-02-26 02:00:00,1.857988453225087,1.8162
ensemble,2,75,2026-02-26 03:00:00,1.9510489198600938,1.8981
ensemble,2,76,2026-02-26 04:00:00,2.141627679140293,1.8065
ensemble,2,77,2026-02-26 05:00:00,2.492916097310051,2.2223
ensemble,2,78,2026-02-26 06:00:00,4.655317762555971,4.3888
ensemble,2,79,2026-02-26 07:00:00,4.0122384259534485,4.6843
ensemble,2,80,2026-02-26 08:00:00,2.8853315913104365,3.1118
ensemble,2,81,2026-02-26 09:00:00,2.1001955808577435,2.0624
ensemble,2,82,2026-02-26 10:00:00,1.5729425468331149,1.6473
ensemble,2,83,2026-02-26 11:00:00,1.3668994369235097,1.4155
ensemble,2,84,2026-02-26 12:00:00,1.4801362837975467,2.266
ensemble,2,85,2026-02-26 13:00:00,1.1715590686880615,0.939
ensemble,2,86,2026-02-26 14:00:00,1.1297977312804743,0.9311
ensemble,2,87,2026-02-26 15:00:00,1.6250967968253025,1.4837
ensemble,2,88,2026-02-26 16:00:00,1.1167581043024237,0.7331
ensemble,2,89,2026-02-26 17:00:00,1.4658654259786073,0.9165
ensemble,2,90,2026-02-26 18:00:00,2.8024776148251327,3.0083
ensemble,2,91,2026-02-26 19:00:00,3.3190718610341956,2.0005
ensemble,2,92,2026-02-26 20:00:00,2.383479284809651,1.886
ensemble,2,93,2026-02-26 21:00:00,2.2509926718579454,1.9244
ensemble,2,94,2026-02-26 22:00:00,0.27694623793366163,0.3421
ensemble,2,95,2026-02-26 23:00:00,0.0641432457952531,0.0939
ensemble,2,96,2026-02-27 00:00:00,0.5078355577996868,0.1346
ensemble,2,97,2026-02-27 01:00:00,1.472780941369519,1.3336
ensemble,2,98,2026-02-27 02:00:00,1.59397992778026,1.2905
ensemble,2,99,2026-02-27 03:00:00,1.653288200956991,1.3226
ensemble,2,100,2026-02-27 04:00:00,1.7503617927256125,1.3625
ensemble,2,101,2026-02-27 05:00:00,2.177186939935842,1.8371
ensemble,2,102,2026-02-27 06:00:00,4.531676630367948,4.5906
ensemble,2,103,2026-02-27 07:00:00,3.8815066121874437,3.3791
ensemble,2,104,2026-02-27 08:00:00,1.9400163549316036,1.8336
ensemble,2,105,2026-02-27 09:00:00,1.3667430346505367,2.001
ensemble,2,106,2026-02-27 10:00:00,1.0411524794485285,1.243
ensemble,2,107,2026-02-27 11:00:00,0.9859993379443112,1.0017
ensemble,2,108,2026-02-27 12:00:00,1.0401418460498453,1.5486
ensemble,2,109,2026-02-27 13:00:00,0.820016335895144,0.8558
ensemble,2,110,2026-02-27 14:00:00,0.5917751178441314,0.5243
ensemble,2,111,2026-02-27 15:00:00,1.3400574565396366,0.6236
ensemble,2,112,2026-02-27 16:00:00,0.8981697721385324,0.8325
ensemble,2,113,2026-02-27 17:00:00,0.8219015613447688,1.0151
ensemble,2,114,2026-02-27 18:00:00,2.0384831426578782,4.5782
ensemble,2,115,2026-02-27 19:00:00,2.5856973839611306,1.4571
ensemble,2,116,2026-02-27 20:00:00,2.3359303240799183,1.3931
ensemble,2,117,2026-02-27 21:00:00,1.5488880880189444,2.4257
ensemble,2,118,2026-02-27 22:00:00,0.3809758980350856,0.3383
ensemble,2,119,2026-02-27 23:00:00,0.2234905017605044,0.0982
ensemble,2,120,2026-02-28 00:00:00,0.3133249115967319,0.0913
ensemble,2,121,2026-02-28 01:00:00,0.6775801335353167,0.549
ensemble,2,122,2026-02-28 02:00:00,1.0318171952555293,1.0957
ensemble,2,123,2026-02-28 03:00:00,1.181753616416133,1.1456
ensemble,2,124,2026-02-28 04:00:00,1.2534996963132694,1.2011
ensemble,2,125,2026-02-28 05:00:00,1.8193968534209395,1.6965
ensemble,2,126,2026-02-28 06:00:00,3.8881513921432256,3.5983
ensemble,2,127,2026-02-28 07:00:00,3.0972848714800008,2.73
ensemble,2,128,2026-02-28 08:00:00,2.281124610221563,1.9673
ensemble,2,129,2026-02-28 09:00:00,2.171238406387989,1.3982
ensemble,2,130,2026-02-28 10:00:00,1.4281643675963644,0.084
ensemble,2,131,2026-02-28 11:00:00,1.0442062588268146,0.1029
ensemble,2,132,2026-02-28 12:00:00,1.0891011547778011,0.0979
ensemble,2,133,2026-02-28 13:00:00,0.892640104059495,0.3844
ensemble,2,134,2026-02-28 14:00:00,0.4089177618138176,3.207
ensemble,2,135,2026-02-28 15:00:00,0.7146775567732974,1.0306
ensemble,2,136,2026-02-28 16:00:00,0.48454231201176234,0.4791
ensemble,2,137,2026-02-28 17:00:00,0.8160736034697764,0.5797
ensemble,2,138,2026-02-28 18:00:00,1.155439415187311,1.8079
ensemble,2,139,2026-02-28 19:00:00,3.1074776968531,4.4084
ensemble,2,140,2026-02-28 20:00:00,2.10613256064669,2.0374
ensemble,2,141,2026-02-28 21:00:00,1.6771564973371167,2.2481
ensemble,2,142,2026-02-28 22:00:00,0.5389334465219885,0.4404
ensemble,2,143,2026-02-28 23:00:00,0.40367870659867594,0.2684
ensemble,2,144,2026-03-01 00:00:00,0.13501221470992072,0.1003
ensemble,2,145,2026-03-01 01:00:00,0.6956306257795786,0.2797
ensemble,2,146,2026-03-01 02:00:00,1.0104213172605219,1.0586
ensemble,2,147,2026-03-01 03:00:00,1.1695015587809796,1.0532
ensemble,2,148,2026-03-01 04:00:00,1.1944921051940935,1.0894
ensemble,2,149,2026-03-01 05:00:00,1.1890908929284534,1.0824
ensemble,2,150,2026-03-01 06:00:00,3.589853035712664,3.5313
ensemble,2,151,2026-03-01 07:00:00,2.111630661990235,2.3408
ensemble,2,152,2026-03-01 08:00:00,1.838946933616546,2.3744
ensemble,2,153,2026-03-01 09:00:00,1.1908407017771245,1.6204
ensemble,2,154,2026-03-01 10:00:00,1.0141621893494928,1.0308
ensemble,2,155,2026-03-01 11:00:00,0.838883102217298,0.8827
ensemble,2,156,2026-03-01 12:00:00,0.9641116368564472,2.2906
ensemble,2,157,2026-03-01 13:00:00,0.876717517963028,0.7032
ensemble,2,158,2026-03-01 14:00:00,0.5276577753386732,0.5594
ensemble,2,159,2026-03-01 15:00:00,0.655698378717464,0.6295
ensemble,2,160,2026-03-01 16:00:00,0.7728403050899973,0.6084
ensemble,2,161,2026-03-01 17:00:00,0.7447082887985088,0.7155
ensemble,2,162,2026-03-01 18:00:00,2.7475441465076473,1.3878
ensemble,2,163,2026-03-01 19:00:00,4.10531981992633,3.1441
ensemble,2,164,2026-03-01 20:00:00,2.2236236544131365,1.2204
ensemble,2,165,2026-03-01 21:00:00,1.732890911156303,1.3165
ensemble,2,166,2026-03-01 22:00:00,0.416713126495447,0.3803
ensemble,2,167,2026-03-01 23:00:00,0.40741403563908296,0.2661
ensemble,3,0,2026-04-13 00:00:00,0.10819562350710625,0.1008
ensemble,3,1,2026-04-13 01:00:00,0.22878676833449746,0.1132
ensemble,3,2,2026-04-13 02:00:00,0.6634384831037083,0.3153
ensemble,3,3,2026-04-13 03:00:00,0.807367918662348,0.8155
ensemble,3,4,2026-04-13 04:00:00,0.7874026580036022,0.7861
ensemble,3,5,2026-04-13 05:00:00,0.9267751453496016,0.8771
ensemble,3,6,2026-04-13 06:00:00,4.500902370311372,4.1506
ensemble,3,7,2026-04-13 07:00:00,2.317744116897067,1.7109
ensemble,3,8,2026-04-13 08:00:00,1.6312447583761138,1.1594
ensemble,3,9,2026-04-13 09:00:00,1.191008339915124,0.99
ensemble,3,10,2026-04-13 10:00:00,1.043798222250025,0.8721
ensemble,3,11,2026-04-13 11:00:00,0.7527730500693341,0.6498
ensemble,3,12,2026-04-13 12:00:00,0.7959221841331449,0.49
ensemble,3,13,2026-04-13 13:00:00,0.6643837839246466,1.5011
ensemble,3,14,2026-04-13 14:00:00,0.6195822456458603,0.5588
ensemble,3,15,2026-04-13 15:00:00,0.6745698252685931,0.5539
ensemble,3,16,2026-04-13 16:00:00,0.5646444216765997,0.4536
ensemble,3,17,2026-04-13 17:00:00,0.7386026332808652,0.5387
ensemble,3,18,2026-04-13 18:00:00,1.206167451651327,1.6623
ensemble,3,19,2026-04-13 19:00:00,1.5709591230765658,3.8008
ensemble,3,20,2026-04-13 20:00:00,2.0962129783193797,1.8011
ensemble,3,21,2026-04-13 21:00:00,1.5813793599590966,0.8868
ensemble,3,22,2026-04-13 22:00:00,0.3921219520828073,0.3252
ensemble,3,23,2026-04-13 23:00:00,0.46768422632730355,1.0597
ensemble,3,24,2026-04-14 00:00:00,0.2305715109166916,0.2378
ensemble,3,25,2026-04-14 01:00:00,0.09648879429717835,0.1048
ensemble,3,26,2026-04-14 02:00:00,0.3334358893696788,0.1143
ensemble,3,27,2026-04-14 03:00:00,0.6592479939377306,0.7372
ensemble,3,28,2026-04-14 04:00:00,0.7100289098410187,0.7599
ensemble,3,29,2026-04-14 05:00:00,0.7481547232759456,0.8795
ensemble,3,30,2026-04-14 06:00:00,4.424267263035693,4.5872
ensemble,3,31,2026-04-14 07:00:00,1.589207355751297,1.6075
ensemble,3,32,2026-04-14 08:00:00,1.3231718036191034,1.1767
ensemble,3,33,2026-04-14 09:00:00,0.9341003703371917,0.8963
ensemble,3,34,2026-04-14 10:00:00,0.5217494625995681,0.6911
ensemble,3,35,2026-04-14 11:00:00,0.43475605034247217,0.459
ensemble,3,36,2026-04-14 12:00:00,0.5682557058808204,0.2546
ensemble,3,37,2026-04-14 13:00:00,0.5169102394360078,0.2563
ensemble,3,38,2026-04-14 14:00:00,0.3084113489691544,0.1752
ensemble,3,39,2026-04-14 15:00:00,0.7585714940123826,0.3321
ensemble,3,40,2026-04-14 16:00:00,0.507473935344577,0.2015
ensemble,3,41,2026-04-14 17:00:00,0.5669069730739331,0.3726
ensemble,3,42,2026-04-14 18:00:00,1.6403932068800056,2.4616
ensemble,3,43,2026-04-14 19:00:00,1.7948183111498643,1.6301
ensemble,3,44,2026-04-14 20:00:00,1.901334886852928,1.0603
ensemble,3,45,2026-04-14 21:00:00,1.609912349704872,0.8553
ensemble,3,46,2026-04-14 22:00:00,0.3552360438731403,0.3587
ensemble,3,47,2026-04-14 23:00:00,0.4684315381319699,0.3498
ensemble,3,48,2026-04-15 00:00:00,0.28056372907767263,0.2414
ensemble,3,49,2026-04-15 01:00:00,0.1436696494281571,0.1005
ensemble,3,50,2026-04-15 02:00:00,0.207722513228094,0.1065
ensemble,3,51,2026-04-15 03:00:00,0.24213471090549826,0.1897
ensemble,3,52,2026-04-15 04:00:00,0.4280143595687908,0.6027
ensemble,3,53,2026-04-15 05:00:00,0.5839833866855203,0.6507
ensemble,3,54,2026-04-15 06:00:00,4.6168933910407715,4.0915
ensemble,3,55,2026-04-15 07:00:00,1.6280212704495935,1.1556
ensemble,3,56,2026-04-15 08:00:00,1.3147276958133465,1.1638
ensemble,3,57,2026-04-15 09:00:00,0.9894984435343251,0.973
ensemble,3,58,2026-04-15 10:00:00,0.7347651063474611,0.665
ensemble,3,59,2026-04-15 11:00:00,0.6298894489059959,0.4692
ensemble,3,60,2026-04-15 12:00:00,0.7350498895431,0.3524
ensemble,3,61,2026-04-15 13:00:00,0.7890018507579957,1.3742
ensemble,3,62,2026-04-15 14:00:00,0.6775527214306855,0.4257
ensemble,3,63,2026-04-15 15:00:00,1.1165366620915684,1.0057
ensemble,3,64,2026-04-15 16:00:00,0.8243973013913395,0.5107
ensemble,3,65,2026-04-15 17:00:00,1.0769242295415273,0.4755
ensemble,3,66,2026-04-15 18:00:00,2.058360009117158,2.5858
ensemble,3,67,2026-04-15 19:00:00,2.0692781351952565,1.9852
ensemble,3,68,2026-04-15 20:00:00,2.2180899781925967,1.0089
ensemble,3,69,2026-04-15 21:00:00,1.3377385015821535,0.9101
ensemble,3,70,2026-04-15 22:00:00,0.3038873704560317,0.4109
ensemble,3,71,2026-04-15 23:00:00,0.40350739500971816,0.3817
ensemble,3,72,2026-04-16 00:00:00,0.2346997549335704,0.2441
ensemble,3,73,2026-04-16 01:00:00,0.12870250190997845,0.1215
ensemble,3,74,2026-04-16 02:00:00,0.17424638617935534,0.1036
ensemble,3,75,2026-04-16 03:00:00,0.47233154763290686,0.2732
ensemble,3,76,2026-04-16 04:00:00,0.5041642398075762,0.697
ensemble,3,77,2026-04-16 05:00:00,0.5731547100215729,0.7099
ensemble,3,78,2026-04-16 06:00:00,4.716345963162167,4.1976
ensemble,3,79,2026-04-16 07:00:00,1.3852278749313653,1.1201
ensemble,3,80,2026-04-16 08:00:00,1.2474339834916053,1.1245
ensemble,3,81,2026-04-16 09:00:00,0.5031564706320423,0.4668
ensemble,3,82,2026-04-16 10:00:00,0.31907779716014395,0.3381
ensemble,3,83,2026-04-16 11:00:00,0.5569206539648411,0.2309
ensemble,3,84,2026-04-16 12:00:00,0.6240351933098824,0.1415
ensemble,3,85,2026-04-16 13:00:00,0.4075697280298879,1.673
ensemble,3,86,2026-04-16 14:00:00,0.43188576898405406,0.1219
ensemble,3,87,2026-04-16 15:00:00,0.3755016047576815,0.1677
ensemble,3,88,2026-04-16 16:00:00,0.37010557105140884,0.3194
ensemble,3,89,2026-04-16 17:00:00,0.7609485215950864,1.1253
ensemble,3,90,2026-04-16 18:00:00,1.8714050380540352,0.3306
ensemble,3,91,2026-04-16 19:00:00,1.2897848484981103,0.5557
ensemble,3,92,2026-04-16 20:00:00,1.711744888794359,0.7222
ensemble,3,93,2026-04-16 21:00:00,0.8502127877708572,0.7795
ensemble,3,94,2026-04-16 22:00:00,0.28325527202616474,0.287
ensemble,3,95,2026-04-16 23:00:00,0.3305559258766358,0.347
ensemble,3,96,2026-04-17 00:00:00,0.21784708318661536,0.2174
ensemble,3,97,2026-04-17 01:00:00,0.06717237550539734,0.0853
ensemble,3,98,2026-04-17 02:00:00,0.09834861877147419,0.1155
ensemble,3,99,2026-04-17 03:00:00,0.41056889612609165,0.1021
ensemble,3,100,2026-04-17 04:00:00,0.4899810508136469,0.6192
ensemble,3,101,2026-04-17 05:00:00,0.5938968793871998,0.7563
ensemble,3,102,2026-04-17 06:00:00,4.6007061837774375,4.1956
ensemble,3,103,2026-04-17 07:00:00,1.4272019872168384,1.7262
ensemble,3,104,2026-04-17 08:00:00,1.2037666889701604,1.0995
ensemble,3,105,2026-04-17 09:00:00,0.6031367588548456,0.5832
ensemble,3,106,2026-04-17 10:00:00,0.43131996018474167,0.4094
ensemble,3,107,2026-04-17 11:00:00,0.5167109188133238,0.2605
ensemble,3,108,2026-04-17 12:00:00,0.7414020574981204,1.1624
ensemble,3,109,2026-04-17 13:00:00,0.5976032608574203,0.2921
ensemble,3,110,2026-04-17 14:00:00,0.39605547581948863,0.1469
ensemble,3,111,2026-04-17 15:00:00,0.5132421318850264,0.2899
ensemble,3,112,2026-04-17 16:00:00,0.39325758161379926,0.9385
ensemble,3,113,2026-04-17 17:00:00,0.5817977182888817,1.591
ensemble,3,114,2026-04-17 18:00:00,1.5179467684122097,0.5678
ensemble,3,115,2026-04-17 19:00:00,1.3686390362964334,0.7249
ensemble,3,116,2026-04-17 20:00:00,2.2747568204976947,1.937
ensemble,3,117,2026-04-17 21:00:00,1.3177334873695954,1.0449
ensemble,3,118,2026-04-17 22:00:00,0.26220742573043665,0.3716
ensemble,3,119,2026-04-17 23:00:00,0.4458246989042541,0.3386
ensemble,3,120,2026-04-18 00:00:00,0.24422007313931354,0.2054
ensemble,3,121,2026-04-18 01:00:00,0.19947352376695154,0.105
ensemble,3,122,2026-04-18 02:00:00,0.6448149023372319,0.2772
ensemble,3,123,2026-04-18 03:00:00,0.9108139467937356,0.9483
ensemble,3,124,2026-04-18 04:00:00,0.9587628370019299,0.9982
ensemble,3,125,2026-04-18 05:00:00,1.010748255476272,0.9899
ensemble,3,126,2026-04-18 06:00:00,3.650537322703386,3.7389
ensemble,3,127,2026-04-18 07:00:00,1.240567579753198,1.9275
ensemble,3,128,2026-04-18 08:00:00,1.1583916324499952,1.3108
ensemble,3,129,2026-04-18 09:00:00,0.7614589537864966,0.6697
ensemble,3,130,2026-04-18 10:00:00,0.5069785264163913,0.5849
ensemble,3,131,2026-04-18 11:00:00,0.6266430714090014,0.2657
ensemble,3,132,2026-04-18 12:00:00,0.7704780855804786,1.1295
ensemble,3,133,2026-04-18 13:00:00,0.593945966924978,0.516
ensemble,3,134,2026-04-18 14:00:00,0.6266091404966874,0.2627
ensemble,3,135,2026-04-18 15:00:00,0.7323281392186914,0.2281
ensemble,3,136,2026-04-18 16:00:00,0.630718156668389,0.3129
ensemble,3,137,2026-04-18 17:00:00,0.8154804844401355,0.3702
ensemble,3,138,2026-04-18 18:00:00,2.03982583847377,2.1891
ensemble,3,139,2026-04-18 19:00:00,1.444192799036323,2.5463
ensemble,3,140,2026-04-18 20:00:00,1.6301772879222884,0.5315
ensemble,3,141,2026-04-18 21:00:00,1.638535901536411,0.7371
ensemble,3,142,2026-04-18 22:00:00,0.44454234040285384,0.3016
ensemble,3,143,2026-04-18 23:00:00,0.7254330199130394,0.5812
ensemble,3,144,2026-04-19 00:00:00,0.20952152334166754,0.1955
ensemble,3,145,2026-04-19 01:00:00,0.10901386499012349,0.092
ensemble,3,146,2026-04-19 02:00:00,0.2756657902190028,0.0875
ensemble,3,147,2026-04-19 03:00:00,0.42131106982199523,0.1431
ensemble,3,148,2026-04-19 04:00:00,0.5342580342131721,0.6881
ensemble,3,149,2026-04-19 05:00:00,0.7616746128557553,0.7276
ensemble,3,150,2026-04-19 06:00:00,3.5538196794952954,3.6378
ensemble,3,151,2026-04-19 07:00:00,1.3691313222854231,1.4749
ensemble,3,152,2026-04-19 08:00:00,1.0715991026611196,1.3996
ensemble,3,153,2026-04-19 09:00:00,0.7895240073851111,0.9972
ensemble,3,154,2026-04-19 10:00:00,0.5815146233868708,1.0036
ensemble,3,155,2026-04-19 11:00:00,0.5743556311055437,0.3091
ensemble,3,156,2026-04-19 12:00:00,0.8224690881677434,1.3203
ensemble,3,157,2026-04-19 13:00:00,0.5477306285390696,0.7252
ensemble,3,158,2026-04-19 14:00:00,0.4306034902010055,0.2032
ensemble,3,159,2026-04-19 15:00:00,0.31482707752369493,0.3516
ensemble,3,160,2026-04-19 16:00:00,0.33549362752372136,0.3138
ensemble,3,161,2026-04-19 17:00:00,0.7405989093914741,0.2221
ensemble,3,162,2026-04-19 18:00:00,1.9425652829001945,2.7946
ensemble,3,163,2026-04-19 19:00:00,1.8042700084347425,2.0711
ensemble,3,164,2026-04-19 20:00:00,1.8417908408412582,0.676
ensemble,3,165,2026-04-19 21:00:00,0.7522974628861464,0.9979
ensemble,3,166,2026-04-19 22:00:00,0.3697854148968033,0.3646
ensemble,3,167,2026-04-19 23:00:00,0.3041394224611006,0.2504
ensemble,4,0,2026-08-31 00:00:00,0.09329468683564113,0.1107
ensemble,4,1,2026-08-31 01:00:00,0.10233203959261318,0.1015
ensemble,4,2,2026-08-31 02:00:00,0.10455319914426699,0.1066
ensemble,4,3,2026-08-31 03:00:00,0.11655806577649507,0.0886
ensemble,4,4,2026-08-31 04:00:00,0.1128944094433725,0.0995
ensemble,4,5,2026-08-31 05:00:00,0.7102316593090933,0.6416
ensemble,4,6,2026-08-31 06:00:00,0.8383084560508046,0.4531
ensemble,4,7,2026-08-31 07:00:00,0.2791915038468835,0.9598
ensemble,4,8,2026-08-31 08:00:00,0.17148881435769606,0.0829
ensemble,4,9,2026-08-31 09:00:00,0.6705765878018911,0.2058
ensemble,4,10,2026-08-31 10:00:00,0.2557492139802934,0.1197
ensemble,4,11,2026-08-31 11:00:00,0.4009188563456131,0.4681
ensemble,4,12,2026-08-31 12:00:00,0.5269199586272336,0.2803
ensemble,4,13,2026-08-31 13:00:00,0.5481121969434701,0.1349
ensemble,4,14,2026-08-31 14:00:00,0.34960364918873654,0.1701
ensemble,4,15,2026-08-31 15:00:00,0.5253180377730303,0.3765
ensemble,4,16,2026-08-31 16:00:00,0.3703465121926909,0.2557
ensemble,4,17,2026-08-31 17:00:00,1.2347888029889564,0.1546
ensemble,4,18,2026-08-31 18:00:00,1.1041515819279548,0.3607
ensemble,4,19,2026-08-31 19:00:00,1.3303166059858256,0.2216
ensemble,4,20,2026-08-31 20:00:00,0.8166518845502492,1.4551
ensemble,4,21,2026-08-31 21:00:00,0.9298175953818838,0.4901
ensemble,4,22,2026-08-31 22:00:00,0.38968276814674624,0.4194
ensemble,4,23,2026-08-31 23:00:00,0.2704991042258788,0.2161
ensemble,4,24,2026-09-01 00:00:00,0.09150858384354982,0.1175
ensemble,4,25,2026-09-01 01:00:00,0.08916730709947264,0.1027
ensemble,4,26,2026-09-01 02:00:00,0.09967366646954741,0.0972
ensemble,4,27,2026-09-01 03:00:00,0.10408761506353681,0.0963
ensemble,4,28,2026-09-01 04:00:00,0.10970685292135403,0.1053
ensemble,4,29,2026-09-01 05:00:00,0.6958431008290556,0.5779
ensemble,4,30,2026-09-01 06:00:00,1.084748046110807,0.9445
ensemble,4,31,2026-09-01 07:00:00,0.40677577884290333,0.1748
ensemble,4,32,2026-09-01 08:00:00,0.25360163198755425,0.1637
ensemble,4,33,2026-09-01 09:00:00,0.24485466146060877,0.2557
ensemble,4,34,2026-09-01 10:00:00,0.28582861800910453,0.196
ensemble,4,35,2026-09-01 11:00:00,0.2470377232766639,0.1255
ensemble,4,36,2026-09-01 12:00:00,0.35808176588880725,0.1952
ensemble,4,37,2026-09-01 13:00:00,0.4310536221057088,0.6284
ensemble,4,38,2026-09-01 14:00:00,0.22018919280103413,1.1156
ensemble,4,39,2026-09-01 15:00:00,0.5742124904879007,0.7832
ensemble,4,40,2026-09-01 16:00:00,0.32056508408942763,0.232
ensemble,4,41,2026-09-01 17:00:00,0.6221537868939399,0.108
ensemble,4,42,2026-09-01 18:00:00,1.78541066967929,0.8078
ensemble,4,43,2026-09-01 19:00:00,1.386164471401022,1.739
ensemble,4,44,2026-09-01 20:00:00,0.982074806095343,0.7095
ensemble,4,45,2026-09-01 21:00:00,0.6781632095805986,0.4054
ensemble,4,46,2026-09-01 22:00:00,0.3267407464733321,0.3707
ensemble,4,47,2026-09-01 23:00:00,0.10273082916423514,0.1155
ensemble,4,48,2026-09-02 00:00:00,0.10086559727694916,0.1236
ensemble,4,49,2026-09-02 01:00:00,0.10831495369600538,0.0945
ensemble,4,50,2026-09-02 02:00:00,0.10529429827422312,0.0946
ensemble,4,51,2026-09-02 03:00:00,0.1103485564178059,0.1205
ensemble,4,52,2026-09-02 04:00:00,0.11426020290989969,0.1029
ensemble,4,53,2026-09-02 05:00:00,0.6632195474497529,0.6235
ensemble,4,54,2026-09-02 06:00:00,0.8001533151065159,0.5812
ensemble,4,55,2026-09-02 07:00:00,0.5124297423769573,0.1875
ensemble,4,56,2026-09-02 08:00:00,0.08531120376472943,0.125
ensemble,4,57,2026-09-02 09:00:00,0.07160378027929479,0.089
ensemble,4,58,2026-09-02 10:00:00,0.08752595858649444,0.1079
ensemble,4,59,2026-09-02 11:00:00,0.06600715401608695,0.1236
ensemble,4,60,2026-09-02 12:00:00,0.1380568092137453,0.1296
ensemble,4,61,2026-09-02 13:00:00,0.11316601482403144,0.0966
ensemble,4,62,2026-09-02 14:00:00,0.3214991489600481,0.1646
ensemble,4,63,2026-09-02 15:00:00,0.905906947651435,1.5417
ensemble,4,64,2026-09-02 16:00:00,0.35307457200613424,0.2563
ensemble,4,65,2026-09-02 17:00:00,0.8023690194576344,0.3177
ensemble,4,66,2026-09-02 18:00:00,1.1870171335998447,2.6626
ensemble,4,67,2026-09-02 19:00:00,0.7673095472067608,0.6464
ensemble,4,68,2026-09-02 20:00:00,0.8864580468270329,1.6343
ensemble,4,69,2026-09-02 21:00:00,0.7574183059654541,0.4855
ensemble,4,70,2026-09-02 22:00:00,0.32434850255404196,0.6453
ensemble,4,71,2026-09-02 23:00:00,0.09698946340905265,0.1154
ensemble,4,72,2026-09-03 00:00:00,0.09995258187981285,0.1165
ensemble,4,73,2026-09-03 01:00:00,0.10681776032451047,0.102
ensemble,4,74,2026-09-03 02:00:00,0.11023286274502109,0.086
ensemble,4,75,2026-09-03 03:00:00,0.10833967815690612,0.1005
ensemble,4,76,2026-09-03 04:00:00,0.11494563258106472,0.0889
ensemble,4,77,2026-09-03 05:00:00,0.6555103700381711,0.5671
ensemble,4,78,2026-09-03 06:00:00,0.9087482523806333,0.7049
ensemble,4,79,2026-09-03 07:00:00,0.5730115522923945,0.1825
ensemble,4,80,2026-09-03 08:00:00,0.4131976524156091,0.1192
ensemble,4,81,2026-09-03 09:00:00,0.33481492686451,0.0957
ensemble,4,82,2026-09-03 10:00:00,0.2685634679958846,0.186
ensemble,4,83,2026-09-03 11:00:00,0.26961372256687416,0.0991
ensemble,4,84,2026-09-03 12:00:00,0.5912724451610569,0.1887
ensemble,4,85,2026-09-03 13:00:00,0.5822032582569145,0.5494
ensemble,4,86,2026-09-03 14:00:00,0.20703616832659905,0.5027
ensemble,4,87,2026-09-03 15:00:00,0.6299622306170407,0.6295
ensemble,4,88,2026-09-03 16:00:00,0.40209710562343726,0.4919
ensemble,4,89,2026-09-03 17:00:00,0.5022792782945456,0.6081
ensemble,4,90,2026-09-03 18:00:00,0.8482115316992638,0.4583
ensemble,4,91,2026-09-03 19:00:00,1.365243096807525,0.1837
ensemble,4,92,2026-09-03 20:00:00,0.9443780774669327,0.4528
ensemble,4,93,2026-09-03 21:00:00,0.6398454584902176,1.4047
ensemble,4,94,2026-09-03 22:00:00,0.3390429810296134,0.3203
ensemble,4,95,2026-09-03 23:00:00,0.09410213829951301,0.128
ensemble,4,96,2026-09-04 00:00:00,0.11172115605396495,0.0884
ensemble,4,97,2026-09-04 01:00:00,0.11590402686875963,0.1217
ensemble,4,98,2026-09-04 02:00:00,0.1191840185049422,0.1222
ensemble,4,99,2026-09-04 03:00:00,0.11979520027423204,0.1109
ensemble,4,100,2026-09-04 04:00:00,0.11801803527505905,0.0927
ensemble,4,101,2026-09-04 05:00:00,0.6112191276739167,0.5894
ensemble,4,102,2026-09-04 06:00:00,0.9489055789493273,1.8375
ensemble,4,103,2026-09-04 07:00:00,0.4438427461427406,0.3478
ensemble,4,104,2026-09-04 08:00:00,0.07929181662846606,0.1224
ensemble,4,105,2026-09-04 09:00:00,0.16108526056727124,0.1152
ensemble,4,106,2026-09-04 10:00:00,0.12425733256134064,0.1215
ensemble,4,107,2026-09-04 11:00:00,0.08904567407523492,0.0981
ensemble,4,108,2026-09-04 12:00:00,0.1359108332316042,0.1142
ensemble,4,109,2026-09-04 13:00:00,0.10748618281034882,0.1216
ensemble,4,110,2026-09-04 14:00:00,0.25202828229397906,0.1566
ensemble,4,111,2026-09-04 15:00:00,0.9195949623315756,0.3375
ensemble,4,112,2026-09-04 16:00:00,0.34968628193251733,1.309
ensemble,4,113,2026-09-04 17:00:00,0.8234163623065948,2.5406
ensemble,4,114,2026-09-04 18:00:00,2.661607093449078,0.3359
ensemble,4,115,2026-09-04 19:00:00,0.7111066652780661,0.3077
ensemble,4,116,2026-09-04 20:00:00,0.9059152311254854,0.5823
ensemble,4,117,2026-09-04 21:00:00,0.6820617554366389,1.2184
ensemble,4,118,2026-09-04 22:00:00,0.32041426363525727,0.2871
ensemble,4,119,2026-09-04 23:00:00,0.09537487612553452,0.1303
ensemble,4,120,2026-09-05 00:00:00,0.11309809687984138,0.1187
ensemble,4,121,2026-09-05 01:00:00,0.09836391136433874,0.11
ensemble,4,122,2026-09-05 02:00:00,0.1045961758785003,0.0952
ensemble,4,123,2026-09-05 03:00:00,0.10766845354822305,0.1163
ensemble,4,124,2026-09-05 04:00:00,0.10794439048275517,0.0962
ensemble,4,125,2026-09-05 05:00:00,0.09927903657523049,0.1078
ensemble,4,126,2026-09-05 06:00:00,0.1753190931330838,0.1171
ensemble,4,127,2026-09-05 07:00:00,0.12339519709168179,0.1134
ensemble,4,128,2026-09-05 08:00:00,0.6021396897384806,0.6267
ensemble,4,129,2026-09-05 09:00:00,0.37347092057955367,0.1012
ensemble,4,130,2026-09-05 10:00:00,0.3202200812367974,0.0954
ensemble,4,131,2026-09-05 11:00:00,0.3280640431182924,0.1219
ensemble,4,132,2026-09-05 12:00:00,0.5443377423329625,0.0926
ensemble,4,133,2026-09-05 13:00:00,0.5003363523290832,0.0823
ensemble,4,134,2026-09-05 14:00:00,0.3260213178032154,0.116
ensemble,4,135,2026-09-05 15:00:00,0.4818615379811427,0.1007
ensemble,4,136,2026-09-05 16:00:00,0.30557094516125194,0.1047
ensemble,4,137,2026-09-05 17:00:00,1.045689969960175,0.1022
ensemble,4,138,2026-09-05 18:00:00,1.9783398413245288,0.0757
ensemble,4,139,2026-09-05 19:00:00,1.33108597572102,0.0939
ensemble,4,140,2026-09-05 20:00:00,1.4003834436897225,0.0884
ensemble,4,141,2026-09-05 21:00:00,0.7126786354117474,0.104
ensemble,4,142,2026-09-05 22:00:00,0.4113926489945809,0.0778
ensemble,4,143,2026-09-05 23:00:00,0.2904709841830852,0.1059
ensemble,4,144,2026-09-06 00:00:00,0.11763095187108376,0.1111
ensemble,4,145,2026-09-06 01:00:00,0.10240782517182172,0.0941
ensemble,4,146,2026-09-06 02:00:00,0.10356976789985461,0.121
ensemble,4,147,2026-09-06 03:00:00,0.11239505041075064,0.1027
ensemble,4,148,2026-09-06 04:00:00,0.10548085933647189,0.09
ensemble,4,149,2026-09-06 05:00:00,0.08659359892602114,0.1598
ensemble,4,150,2026-09-06 06:00:00,0.20254693684759456,0.2104
ensemble,4,151,2026-09-06 07:00:00,0.25501289207611677,0.3299
ensemble,4,152,2026-09-06 08:00:00,0.8381173767642447,0.3508
ensemble,4,153,2026-09-06 09:00:00,0.6075480221295453,0.364
ensemble,4,154,2026-09-06 10:00:00,0.5075449260293089,0.3719
ensemble,4,155,2026-09-06 11:00:00,0.49742662103093116,0.3548
ensemble,4,156,2026-09-06 12:00:00,0.7841797215040962,0.366
ensemble,4,157,2026-09-06 13:00:00,0.7033074444888646,0.3354
ensemble,4,158,2026-09-06 14:00:00,0.3749907643606267,0.3123
ensemble,4,159,2026-09-06 15:00:00,0.5787521244754703,0.2427
ensemble,4,160,2026-09-06 16:00:00,0.34608575962732113,0.2029
ensemble,4,161,2026-09-06 17:00:00,0.5433429883463805,0.2003
ensemble,4,162,2026-09-06 18:00:00,2.429486466993541,1.4537
ensemble,4,163,2026-09-06 19:00:00,1.6400208526316424,1.4081
ensemble,4,164,2026-09-06 20:00:00,1.2388449724183845,4.2496
ensemble,4,165,2026-09-06 21:00:00,0.8912320665867756,1.0465
ensemble,4,166,2026-09-06 22:00:00,0.4948266914817177,0.4033
ensemble,4,167,2026-09-06 23:00:00,0.3344516828873537,0.2865
ensemble,5,0,2026-09-07 00:00:00,0.10046442780124858,0.1129
ensemble,5,1,2026-09-07 01:00:00,0.08685980148570813,0.0834
ensemble,5,2,2026-09-07 02:00:00,0.2817871477153651,0.1122
ensemble,5,3,2026-09-07 03:00:00,0.4714373564227882,0.4397
ensemble,5,4,2026-09-07 04:00:00,0.5647846763713014,0.6795
ensemble,5,5,2026-09-07 05:00:00,0.6716207145669286,0.6829
ensemble,5,6,2026-09-07 06:00:00,4.181647618809425,3.2964
ensemble,5,7,2026-09-07 07:00:00,1.4065798084631824,1.7031
ensemble,5,8,2026-09-07 08:00:00,1.1288628242317749,1.4925
ensemble,5,9,2026-09-07 09:00:00,0.4033031756974334,0.4918
ensemble,5,10,2026-09-07 10:00:00,0.29686943375256103,0.2408
ensemble,5,11,2026-09-07 11:00:00,0.24278666274390762,0.1536
ensemble,5,12,2026-09-07 12:00:00,0.5682447259980944,0.3567
ensemble,5,13,2026-09-07 13:00:00,0.39494622637347243,0.2119
ensemble,5,14,2026-09-07 14:00:00,0.3148587557258463,0.1658
ensemble,5,15,2026-09-07 15:00:00,0.2403129889715781,0.2152
ensemble,5,16,2026-09-07 16:00:00,0.5142887436477741,0.1674
ensemble,5,17,2026-09-07 17:00:00,0.6538705818758276,0.3016
ensemble,5,18,2026-09-07 18:00:00,2.3183623223127956,3.7477
ensemble,5,19,2026-09-07 19:00:00,1.800849008285059,1.6469
ensemble,5,20,2026-09-07 20:00:00,1.2829752904956098,0.68
ensemble,5,21,2026-09-07 21:00:00,0.7063959209696992,0.5371
ensemble,5,22,2026-09-07 22:00:00,0.3183385764800606,0.3336
ensemble,5,23,2026-09-07 23:00:00,0.5195258878724158,0.6647
ensemble,5,24,2026-09-08 00:00:00,0.2771227490661431,0.2475
ensemble,5,25,2026-09-08 01:00:00,0.1246531639980752,0.1058
ensemble,5,26,2026-09-08 02:00:00,0.10118845370527041,0.1105
ensemble,5,27,2026-09-08 03:00:00,0.11264045227418622,0.092
ensemble,5,28,2026-09-08 04:00:00,0.1358960269307883,0.0964
ensemble,5,29,2026-09-08 05:00:00,0.14637624222135479,0.1053
ensemble,5,30,2026-09-08 06:00:00,1.2474889252055459,1.0407
ensemble,5,31,2026-09-08 07:00:00,0.6042629081441964,0.3482
ensemble,5,32,2026-09-08 08:00:00,0.6097528066193736,0.4507
ensemble,5,33,2026-09-08 09:00:00,0.3054417965777473,0.1504
ensemble,5,34,2026-09-08 10:00:00,0.2903931695064598,0.152
ensemble,5,35,2026-09-08 11:00:00,0.42572401370630925,0.1766
ensemble,5,36,2026-09-08 12:00:00,0.7966077721900202,0.1492
ensemble,5,37,2026-09-08 13:00:00,0.7166574819900797,0.1618
ensemble,5,38,2026-09-08 14:00:00,0.18807879157701957,0.1484
ensemble,5,39,2026-09-08 15:00:00,0.2703167381353121,0.3345
ensemble,5,40,2026-09-08 16:00:00,0.5540234902614775,0.3402
ensemble,5,41,2026-09-08 17:00:00,0.9134888089470943,0.3116
ensemble,5,42,2026-09-08 18:00:00,1.2293631887414398,0.437
ensemble,5,43,2026-09-08 19:00:00,0.8290883568915596,3.1972
ensemble,5,44,2026-09-08 20:00:00,0.7831886638467466,0.5201
ensemble,5,45,2026-09-08 21:00:00,0.5691282480295802,1.7128
ensemble,5,46,2026-09-08 22:00:00,0.4297966427024594,0.2562
ensemble,5,47,2026-09-08 23:00:00,0.5347163223097781,0.3538
ensemble,5,48,2026-09-09 00:00:00,0.2541095576475334,0.2514
ensemble,5,49,2026-09-09 01:00:00,0.11275044320691259,0.1138
ensemble,5,50,2026-09-09 02:00:00,0.12137690142815413,0.0915
ensemble,5,51,2026-09-09 03:00:00,0.0967497455756233,0.0865
ensemble,5,52,2026-09-09 04:00:00,0.10840132615745439,0.0886
ensemble,5,53,2026-09-09 05:00:00,0.10366000462316861,0.1119
ensemble,5,54,2026-09-09 06:00:00,0.8152295456847225,0.9135
ensemble,5,55,2026-09-09 07:00:00,0.24287369067505374,0.3002
ensemble,5,56,2026-09-09 08:00:00,0.503677123041946,0.561
ensemble,5,57,2026-09-09 09:00:00,0.23569938220831,0.1537
ensemble,5,58,2026-09-09 10:00:00,0.2979345864711205,0.8713
ensemble,5,59,2026-09-09 11:00:00,0.20960325147928227,0.2221
ensemble,5,60,2026-09-09 12:00:00,0.27324026807829854,0.1711
ensemble,5,61,2026-09-09 13:00:00,0.4020746602161097,0.3486
ensemble,5,62,2026-09-09 14:00:00,0.40568262161516794,0.2381
ensemble,5,63,2026-09-09 15:00:00,0.3712570198247869,0.1478
ensemble,5,64,2026-09-09 16:00:00,0.3784240442527001,0.1219
ensemble,5,65,2026-09-09 17:00:00,0.4193505822294301,0.1903
ensemble,5,66,2026-09-09 18:00:00,2.024450654301956,1.1744
ensemble,5,67,2026-09-09 19:00:00,1.1306704852232334,1.089
ensemble,5,68,2026-09-09 20:00:00,1.1044008767330755,1.44
ensemble,5,69,2026-09-09 21:00:00,0.9859111907637325,0.3382
ensemble,5,70,2026-09-09 22:00:00,0.34994989997092724,0.2641
ensemble,5,71,2026-09-09 23:00:00,0.5426046859116284,0.6692
ensemble,5,72,2026-09-10 00:00:00,0.241347324537349,0.2051
ensemble,5,73,2026-09-10 01:00:00,0.08733770984920995,0.1091
ensemble,5,74,2026-09-10 02:00:00,0.09286515137851367,0.0823
ensemble,5,75,2026-09-10 03:00:00,0.09839535347810226,0.0942
ensemble,5,76,2026-09-10 04:00:00,0.10266387530847675,0.0938
ensemble,5,77,2026-09-10 05:00:00,0.06459538401243967,0.1029
ensemble,5,78,2026-09-10 06:00:00,0.7942746179186532,1.1272
ensemble,5,79,2026-09-10 07:00:00,0.40578773740181306,0.3152
ensemble,5,80,2026-09-10 08:00:00,0.6477654920682127,0.6133
ensemble,5,81,2026-09-10 09:00:00,0.34501145171704967,1.0006
ensemble,5,82,2026-09-10 10:00:00,0.33188187311877226,0.1707
ensemble,5,83,2026-09-10 11:00:00,0.28476118446262844,0.1972
ensemble,5,84,2026-09-10 12:00:00,0.5500545047820496,1.3307
ensemble,5,85,2026-09-10 13:00:00,0.5136152267315213,0.1325
ensemble,5,86,2026-09-10 14:00:00,0.26638167498499654,0.2058
ensemble,5,87,2026-09-10 15:00:00,0.4119412867187845,0.3208
ensemble,5,88,2026-09-10 16:00:00,0.3574975678706844,0.1896
ensemble,5,89,2026-09-10 17:00:00,0.9196585468616046,0.3483
ensemble,5,90,2026-09-10 18:00:00,1.3243529138978665,0.3638
ensemble,5,91,2026-09-10 19:00:00,0.8806863095533173,0.8104
ensemble,5,92,2026-09-10 20:00:00,1.2344094492444384,1.8434
ensemble,5,93,2026-09-10 21:00:00,0.872487656801383,1.1945
ensemble,5,94,2026-09-10 22:00:00,0.3616960094746002,0.2995
ensemble,5,95,2026-09-10 23:00:00,0.4586356750798241,0.8586
ensemble,5,96,2026-09-11 00:00:00,0.2830431359816369,0.2417
ensemble,5,97,2026-09-11 01:00:00,0.12162887637084924,0.0961
ensemble,5,98,2026-09-11 02:00:00,0.23030483582945555,0.1052
ensemble,5,99,2026-09-11 03:00:00,0.4151945039472745,0.0793
ensemble,5,100,2026-09-11 04:00:00,0.43146786725215974,0.1026
ensemble,5,101,2026-09-11 05:00:00,0.5187580688779008,0.3783
ensemble,5,102,2026-09-11 06:00:00,4.396493162603265,3.4182
ensemble,5,103,2026-09-11 07:00:00,1.4454566105767066,1.5982
ensemble,5,104,2026-09-11 08:00:00,1.3998120779478302,1.6492
ensemble,5,105,2026-09-11 09:00:00,0.6702924493828243,0.8219
ensemble,5,106,2026-09-11 10:00:00,0.6767924086745153,0.7397
ensemble,5,107,2026-09-11 11:00:00,0.7176921018108663,0.7421
ensemble,5,108,2026-09-11 12:00:00,0.8889206871068603,1.6142
ensemble,5,109,2026-09-11 13:00:00,0.9080378321392404,0.8533
ensemble,5,110,2026-09-11 14:00:00,0.7192866790503293,0.8242
ensemble,5,111,2026-09-11 15:00:00,0.9670395863640513,0.906
ensemble,5,112,2026-09-11 16:00:00,0.9077838806646301,0.9122
ensemble,5,113,2026-09-11 17:00:00,1.0192979466238212,1.5495
ensemble,5,114,2026-09-11 18:00:00,2.3763947859919345,3.0931
ensemble,5,115,2026-09-11 19:00:00,2.5971717650624604,1.1068
ensemble,5,116,2026-09-11 20:00:00,2.0310724717722977,1.2239
ensemble,5,117,2026-09-11 21:00:00,1.4081977552782696,0.9979
ensemble,5,118,2026-09-11 22:00:00,0.35153277669979666,0.2392
ensemble,5,119,2026-09-11 23:00:00,0.496382506174536,0.5327
ensemble,5,120,2026-09-12 00:00:00,0.31720096070677367,0.2198
ensemble,5,121,2026-09-12 01:00:00,0.1497081347176056,0.0819
ensemble,5,122,2026-09-12 02:00:00,0.1918065073278745,0.0798
ensemble,5,123,2026-09-12 03:00:00,0.5005873282371766,0.5504
ensemble,5,124,2026-09-12 04:00:00,0.7413343800738446,0.7684
ensemble,5,125,2026-09-12 05:00:00,0.9672563633946111,0.7476
ensemble,5,126,2026-09-12 06:00:00,3.7323776267159907,3.6781
ensemble,5,127,2026-09-12 07:00:00,1.6597912501119005,1.4096
ensemble,5,128,2026-09-12 08:00:00,1.6202734134493872,1.1745
ensemble,5,129,2026-09-12 09:00:00,1.0516668406494163,1.2654
ensemble,5,130,2026-09-12 10:00:00,0.5877127756034801,0.4349
ensemble,5,131,2026-09-12 11:00:00,0.48132537525296776,0.3948
ensemble,5,132,2026-09-12 12:00:00,0.711983458705013,1.2723
ensemble,5,133,2026-09-12 13:00:00,0.7540018488583462,0.7537
ensemble,5,134,2026-09-12 14:00:00,0.5477676156234675,0.2943
ensemble,5,135,2026-09-12 15:00:00,0.4688542018048271,0.4384
ensemble,5,136,2026-09-12 16:00:00,0.5186307970721353,0.4803
ensemble,5,137,2026-09-12 17:00:00,0.8644631331112191,1.6852
ensemble,5,138,2026-09-12 18:00:00,2.1686336673116267,1.5136
ensemble,5,139,2026-09-12 19:00:00,1.4160164259261536,0.5873
ensemble,5,140,2026-09-12 20:00:00,1.4988075917851367,1.1634
ensemble,5,141,2026-09-12 21:00:00,0.9795977333574586,1.6824
ensemble,5,142,2026-09-12 22:00:00,0.4875320601542203,0.3738
ensemble,5,143,2026-09-12 23:00:00,0.31401306210683355,0.3021
ensemble,5,144,2026-09-13 00:00:00,0.11580762609582336,0.0907
ensemble,5,145,2026-09-13 01:00:00,0.11179709684421862,0.0931
ensemble,5,146,2026-09-13 02:00:00,0.11052583704351351,0.0853
ensemble,5,147,2026-09-13 03:00:00,0.14437961649598063,0.119
ensemble,5,148,2026-09-13 04:00:00,0.2079048250662756,0.5433
ensemble,5,149,2026-09-13 05:00:00,0.3371166022050581,0.5387
ensemble,5,150,2026-09-13 06:00:00,2.1885902014081546,3.754
ensemble,5,151,2026-09-13 07:00:00,1.0115221546237727,0.6511
ensemble,5,152,2026-09-13 08:00:00,1.50844807565687,1.3457
ensemble,5,153,2026-09-13 09:00:00,0.9497456471556576,0.4748
ensemble,5,154,2026-09-13 10:00:00,0.4173126804326398,0.3133
ensemble,5,155,2026-09-13 11:00:00,0.46537344313408946,0.4754
ensemble,5,156,2026-09-13 12:00:00,0.8105755845208675,0.3127
ensemble,5,157,2026-09-13 13:00:00,0.6085419591886378,0.9807
ensemble,5,158,2026-09-13 14:00:00,0.3500197866298017,0.5533
ensemble,5,159,2026-09-13 15:00:00,0.6827918702390541,0.0966
ensemble,5,160,2026-09-13 16:00:00,0.47738359651129686,0.1234
ensemble,5,161,2026-09-13 17:00:00,0.31633852626410913,0.0925
ensemble,5,162,2026-09-13 18:00:00,2.1219423711199674,0.0928
ensemble,5,163,2026-09-13 19:00:00,2.4519810534676636,0.0869
ensemble,5,164,2026-09-13 20:00:00,1.747003335968613,4.0894
ensemble,5,165,2026-09-13 21:00:00,0.9024988446004495,0.507
ensemble,5,166,2026-09-13 22:00:00,0.48351965405497355,0.4022
ensemble,5,167,2026-09-13 23:00:00,0.32496197239644825,0.2646
ensemble,6,0,2026-09-14 00:00:00,0.10847716232853005,0.0855
ensemble,6,1,2026-09-14 01:00:00,0.1309029374020495,0.1209
ensemble,6,2,2026-09-14 02:00:00,0.1061182884855055,0.0986
ensemble,6,3,2026-09-14 03:00:00,0.11753686022470544,0.0841
ensemble,6,4,2026-09-14 04:00:00,0.12559912307296162,0.1149
ensemble,6,5,2026-09-14 05:00:00,0.16553158719334068,0.0888
ensemble,6,6,2026-09-14 06:00:00,1.7459386011652889,1.6776
ensemble,6,7,2026-09-14 07:00:00,1.1804061747485721,1.8873
ensemble,6,8,2026-09-14 08:00:00,0.9692500575789798,1.3566
ensemble,6,9,2026-09-14 09:00:00,0.4409034007916039,0.6994
ensemble,6,10,2026-09-14 10:00:00,0.38962468040204923,0.5972
ensemble,6,11,2026-09-14 11:00:00,0.2913164031620573,0.5118
ensemble,6,12,2026-09-14 12:00:00,0.4867318380878725,0.4418
ensemble,6,13,2026-09-14 13:00:00,0.45841731288472504,1.3608
ensemble,6,14,2026-09-14 14:00:00,0.32373599149986376,0.3477
ensemble,6,15,2026-09-14 15:00:00,0.43063202195294964,0.256
ensemble,6,16,2026-09-14 16:00:00,0.26089219959375,0.5809
ensemble,6,17,2026-09-14 17:00:00,0.5613309119506376,0.3618
ensemble,6,18,2026-09-14 18:00:00,2.0996458833370406,0.1966
ensemble,6,19,2026-09-14 19:00:00,1.9417619417350724,2.1048
ensemble,6,20,2026-09-14 20:00:00,1.1764002659412995,3.9569
ensemble,6,21,2026-09-14 21:00:00,0.7553903748270024,0.7707
ensemble,6,22,2026-09-14 22:00:00,0.3706104785449029,0.2509
ensemble,6,23,2026-09-14 23:00:00,0.11689556238259033,0.1047
ensemble,6,24,2026-09-15 00:00:00,0.1088735350139828,0.0879
ensemble,6,25,2026-09-15 01:00:00,0.11243417830612068,0.0929
ensemble,6,26,2026-09-15 02:00:00,0.13653401286096556,0.1086
ensemble,6,27,2026-09-15 03:00:00,0.14806908685340503,0.0914
ensemble,6,28,2026-09-15 04:00:00,0.2773814307941516,0.175
ensemble,6,29,2026-09-15 05:00:00,0.31842453296482165,0.3728
ensemble,6,30,2026-09-15 06:00:00,2.2741854827814727,2.3029
ensemble,6,31,2026-09-15 07:00:00,1.601410076561204,2.1727
ensemble,6,32,2026-09-15 08:00:00,0.8449344589178215,1.0605
ensemble,6,33,2026-09-15 09:00:00,0.6340619145914108,0.7272
ensemble,6,34,2026-09-15 10:00:00,0.4939723711710602,0.6101
ensemble,6,35,2026-09-15 11:00:00,0.3740693533417163,0.3921
ensemble,6,36,2026-09-15 12:00:00,0.5103965255653898,1.242
ensemble,6,37,2026-09-15 13:00:00,0.5900572984731673,0.1797
ensemble,6,38,2026-09-15 14:00:00,0.5223727598132392,0.1575
ensemble,6,39,2026-09-15 15:00:00,0.5872242325660167,0.3697
ensemble,6,40,2026-09-15 16:00:00,0.3902987712966778,0.3016
ensemble,6,41,2026-09-15 17:00:00,0.5162319517668161,0.4778
ensemble,6,42,2026-09-15 18:00:00,2.48287893754115,0.4824
ensemble,6,43,2026-09-15 19:00:00,1.1592071823078691,2.3507
ensemble,6,44,2026-09-15 20:00:00,1.3821780640398713,2.1548
ensemble,6,45,2026-09-15 21:00:00,0.7491547382791066,0.6688
ensemble,6,46,2026-09-15 22:00:00,0.34861111789770594,0.2695
ensemble,6,47,2026-09-15 23:00:00,0.11731272698761382,0.0979
ensemble,6,48,2026-09-16 00:00:00,0.12869010154026997,0.1001
ensemble,6,49,2026-09-16 01:00:00,0.10851314110286453,0.1041
ensemble,6,50,2026-09-16 02:00:00,0.11709616246957698,0.1018
ensemble,6,51,2026-09-16 03:00:00,0.1388602000736019,0.0913
ensemble,6,52,2026-09-16 04:00:00,0.16137420446204218,0.0964
ensemble,6,53,2026-09-16 05:00:00,0.24488277459887256,0.285
ensemble,6,54,2026-09-16 06:00:00,2.22608928116651,2.553
ensemble,6,55,2026-09-16 07:00:00,1.8086316751546903,1.7847
ensemble,6,56,2026-09-16 08:00:00,0.7383248006888827,0.9176
ensemble,6,57,2026-09-16 09:00:00,0.49350653377471304,0.5507
ensemble,6,58,2026-09-16 10:00:00,0.3130413717274491,0.3384
ensemble,6,59,2026-09-16 11:00:00,0.22585884543359475,0.158
ensemble,6,60,2026-09-16 12:00:00,0.14877566515113513,0.0997
ensemble,6,61,2026-09-16 13:00:00,0.1657792400728655,0.1105
ensemble,6,62,2026-09-16 14:00:00,0.8047213677833187,0.2697
ensemble,6,63,2026-09-16 15:00:00,0.822982584788405,0.1982
ensemble,6,64,2026-09-16 16:00:00,0.3757438420011812,0.3131
ensemble,6,65,2026-09-16 17:00:00,1.0426481833283647,2.0249
ensemble,6,66,2026-09-16 18:00:00,1.7809366754367886,1.0427
ensemble,6,67,2026-09-16 19:00:00,1.4694818385802009,1.4633
ensemble,6,68,2026-09-16 20:00:00,1.2190214915571582,0.5646
ensemble,6,69,2026-09-16 21:00:00,0.7786193966527762,0.435
ensemble,6,70,2026-09-16 22:00:00,0.36061153343011676,0.2733
ensemble,6,71,2026-09-16 23:00:00,0.13207137829868112,0.0845
ensemble,6,72,2026-09-17 00:00:00,0.11166711450870588,0.1165
ensemble,6,73,2026-09-17 01:00:00,0.11204308204771027,0.0932
ensemble,6,74,2026-09-17 02:00:00,0.11163860226148385,0.0976
ensemble,6,75,2026-09-17 03:00:00,0.11290908777944172,0.123
ensemble,6,76,2026-09-17 04:00:00,0.11423571381844935,0.1101
ensemble,6,77,2026-09-17 05:00:00,0.11532115850207275,0.1126
ensemble,6,78,2026-09-17 06:00:00,0.8856793335996831,0.8564
ensemble,6,79,2026-09-17 07:00:00,0.7050247824509248,1.1173
ensemble,6,80,2026-09-17 08:00:00,0.3134141836306562,0.1933
ensemble,6,81,2026-09-17 09:00:00,0.3198506262434293,0.2535
ensemble,6,82,2026-09-17 10:00:00,0.30334318844212993,0.1359
ensemble,6,83,2026-09-17 11:00:00,0.28848404859867055,0.1841
ensemble,6,84,2026-09-17 12:00:00,0.6827091040551182,0.1341
ensemble,6,85,2026-09-17 13:00:00,0.5901825710828236,0.127
ensemble,6,86,2026-09-17 14:00:00,0.383061858932051,0.1561
ensemble,6,87,2026-09-17 15:00:00,0.5276458694873174,0.1633
ensemble,6,88,2026-09-17 16:00:00,0.46747109938361003,0.3546
ensemble,6,89,2026-09-17 17:00:00,0.6200352112278887,0.4924
ensemble,6,90,2026-09-17 18:00:00,1.2628956074353561,1.2883
ensemble,6,91,2026-09-17 19:00:00,1.4062090085994217,2.6776
ensemble,6,92,2026-09-17 20:00:00,1.4099496648025724,0.8381
ensemble,6,93,2026-09-17 21:00:00,0.9330909093725309,1.8269
ensemble,6,94,2026-09-17 22:00:00,0.35022610895019657,0.3373
ensemble,6,95,2026-09-17 23:00:00,0.11365329150391267,0.1161
ensemble,6,96,2026-09-18 00:00:00,0.1591177379924947,0.0901
ensemble,6,97,2026-09-18 01:00:00,0.18337139970108868,0.0996
ensemble,6,98,2026-09-18 02:00:00,0.30008697425285885,0.2669
ensemble,6,99,2026-09-18 03:00:00,0.4698590480532806,0.4698
ensemble,6,100,2026-09-18 04:00:00,0.4607318370441386,0.5692
ensemble,6,101,2026-09-18 05:00:00,0.5116650923619552,0.6621
ensemble,6,102,2026-09-18 06:00:00,4.1366070537536075,4.2536
ensemble,6,103,2026-09-18 07:00:00,1.7431605634493599,2.4263
ensemble,6,104,2026-09-18 08:00:00,1.005595227130443,0.9084
ensemble,6,105,2026-09-18 09:00:00,0.7386450592537063,0.5815
ensemble,6,106,2026-09-18 10:00:00,0.5209321573608013,0.3239
ensemble,6,107,2026-09-18 11:00:00,0.3282749681759016,0.0995
ensemble,6,108,2026-09-18 12:00:00,0.5765569572397677,0.6288
ensemble,6,109,2026-09-18 13:00:00,0.6267486350551382,0.1735
ensemble,6,110,2026-09-18 14:00:00,0.4773278468744544,0.1325
ensemble,6,111,2026-09-18 15:00:00,0.5206982685320395,0.9915
ensemble,6,112,2026-09-18 16:00:00,0.5266631635357488,0.2983
ensemble,6,113,2026-09-18 17:00:00,0.9731953832776181,2.057
ensemble,6,114,2026-09-18 18:00:00,1.7333643428958312,2.7329
ensemble,6,115,2026-09-18 19:00:00,1.440468115810231,0.3659
ensemble,6,116,2026-09-18 20:00:00,1.2408457923284755,0.684
ensemble,6,117,2026-09-18 21:00:00,0.8249439996006265,1.604
ensemble,6,118,2026-09-18 22:00:00,0.3547245082004794,0.4236
ensemble,6,119,2026-09-18 23:00:00,0.09525297178393476,0.0864
ensemble,6,120,2026-09-19 00:00:00,0.10746967831976753,0.1159
ensemble,6,121,2026-09-19 01:00:00,0.14683103822955343,0.1174
ensemble,6,122,2026-09-19 02:00:00,0.16102062801897438,0.1201
ensemble,6,123,2026-09-19 03:00:00,0.19618992216533127,0.0952
ensemble,6,124,2026-09-19 04:00:00,0.21181599569391235,0.0879
ensemble,6,125,2026-09-19 05:00:00,0.3776656749608897,0.2492
ensemble,6,126,2026-09-19 06:00:00,2.636181907054496,1.6163
ensemble,6,127,2026-09-19 07:00:00,1.4438035136609793,1.4424
ensemble,6,128,2026-09-19 08:00:00,1.3763343089732387,1.4935
ensemble,6,129,2026-09-19 09:00:00,0.9275624386713478,0.7287
ensemble,6,130,2026-09-19 10:00:00,0.4913824639841835,0.5989
ensemble,6,131,2026-09-19 11:00:00,0.3786200132950896,0.7089
ensemble,6,132,2026-09-19 12:00:00,0.8506944377990918,0.3212
ensemble,6,133,2026-09-19 13:00:00,0.6870801411386247,0.5539
ensemble,6,134,2026-09-19 14:00:00,0.43322165035119437,0.3297
ensemble,6,135,2026-09-19 15:00:00,0.45776624123888715,0.4396
ensemble,6,136,2026-09-19 16:00:00,0.2782956188769024,0.49
ensemble,6,137,2026-09-19 17:00:00,0.8169573779312425,1.1955
ensemble,6,138,2026-09-19 18:00:00,2.0672967152447406,0.4885
ensemble,6,139,2026-09-19 19:00:00,1.3819706941309162,1.2456
ensemble,6,140,2026-09-19 20:00:00,1.533482631458852,0.3835
ensemble,6,141,2026-09-19 21:00:00,1.1126607181833712,1.5587
ensemble,6,142,2026-09-19 22:00:00,0.39372854145123415,0.3838
ensemble,6,143,2026-09-19 23:00:00,0.29846168616060026,0.2623
ensemble,6,144,2026-09-20 00:00:00,0.1065917494190324,0.0988
ensemble,6,145,2026-09-20 01:00:00,0.10477607212233302,0.0901
ensemble,6,146,2026-09-20 02:00:00,0.10651076038386319,0.088
ensemble,6,147,2026-09-20 03:00:00,0.10624834940076386,0.0893
ensemble,6,148,2026-09-20 04:00:00,0.09483549356528904,0.0782
ensemble,6,149,2026-09-20 05:00:00,0.1104082274989226,0.0962
ensemble,6,150,2026-09-20 06:00:00,0.17522289776268332,0.3375
ensemble,6,151,2026-09-20 07:00:00,0.15826399383947545,0.2778
ensemble,6,152,2026-09-20 08:00:00,0.6330322898175178,0.6327
ensemble,6,153,2026-09-20 09:00:00,0.624835370989448,0.4256
ensemble,6,154,2026-09-20 10:00:00,0.3857098094492214,0.3339
ensemble,6,155,2026-09-20 11:00:00,0.3362650803646958,0.1841
ensemble,6,156,2026-09-20 12:00:00,0.6660684504181782,0.8005
ensemble,6,157,2026-09-20 13:00:00,0.6825990391761728,0.3824
ensemble,6,158,2026-09-20 14:00:00,0.2848405166667148,0.2635
ensemble,6,159,2026-09-20 15:00:00,0.2967375959404287,0.209
ensemble,6,160,2026-09-20 16:00:00,0.39251160366704124,0.1016
ensemble,6,161,2026-09-20 17:00:00,0.5981997584247976,0.1119
ensemble,6,162,2026-09-20 18:00:00,1.3099882114771046,0.1107
ensemble,6,163,2026-09-20 19:00:00,1.5494816093328028,0.0822
ensemble,6,164,2026-09-20 20:00:00,1.4178037838798383,0.0914
ensemble,6,165,2026-09-20 21:00:00,0.9029651712641873,0.5001
ensemble,6,166,2026-09-20 22:00:00,0.4560445101168816,0.3794
ensemble,6,167,2026-09-20 23:00:00,0.33004287890873646,0.2758
ensemble,7,0,2026-09-21 00:00:00,0.10090016315376435,0.1108
ensemble,7,1,2026-09-21 01:00:00,0.09747021887859508,0.1042
ensemble,7,2,2026-09-21 02:00:00,0.10719461131792163,0.0856
ensemble,7,3,2026-09-21 03:00:00,0.10551801985806114,0.095
ensemble,7,4,2026-09-21 04:00:00,0.16052278203635006,0.083
ensemble,7,5,2026-09-21 05:00:00,0.651695451552705,0.4148
ensemble,7,6,2026-09-21 06:00:00,1.6731773207654066,1.4913
ensemble,7,7,2026-09-21 07:00:00,1.2622078768378409,0.8963
ensemble,7,8,2026-09-21 08:00:00,0.18190057773803953,0.5477
ensemble,7,9,2026-09-21 09:00:00,0.13306507947825283,0.6295
ensemble,7,10,2026-09-21 10:00:00,0.20683295561854634,0.7473
ensemble,7,11,2026-09-21 11:00:00,0.23261166780055456,0.7084
ensemble,7,12,2026-09-21 12:00:00,0.5104088380501428,0.7809
ensemble,7,13,2026-09-21 13:00:00,0.5406458573806788,0.8075
ensemble,7,14,2026-09-21 14:00:00,1.363194968828636,1.9199
ensemble,7,15,2026-09-21 15:00:00,1.473536476824128,1.9145
ensemble,7,16,2026-09-21 16:00:00,0.6502352319202195,0.8068
ensemble,7,17,2026-09-21 17:00:00,0.9803654902785506,1.5555
ensemble,7,18,2026-09-21 18:00:00,2.325398687953015,0.8593
ensemble,7,19,2026-09-21 19:00:00,2.357683290442654,2.2769
ensemble,7,20,2026-09-21 20:00:00,1.979805821063154,1.7321
ensemble,7,21,2026-09-21 21:00:00,1.6259853907081996,1.2316
ensemble,7,22,2026-09-21 22:00:00,0.4092884026553919,0.4509
ensemble,7,23,2026-09-21 23:00:00,0.14814240359049588,0.114
ensemble,7,24,2026-09-22 00:00:00,0.13050606283984717,0.1282
ensemble,7,25,2026-09-22 01:00:00,0.17047197690980145,0.1005
ensemble,7,26,2026-09-22 02:00:00,0.5354256869334091,0.2156
ensemble,7,27,2026-09-22 03:00:00,0.7747935892264155,0.7488
ensemble,7,28,2026-09-22 04:00:00,0.7976288020662174,0.6928
ensemble,7,29,2026-09-22 05:00:00,1.3944091904640217,1.7701
ensemble,7,30,2026-09-22 06:00:00,4.566159842033453,4.2286
ensemble,7,31,2026-09-22 07:00:00,1.8971830258426399,1.3754
ensemble,7,32,2026-09-22 08:00:00,1.1900937645543466,1.0168
ensemble,7,33,2026-09-22 09:00:00,0.8700209824253088,0.8285
ensemble,7,34,2026-09-22 10:00:00,0.8777823631333197,0.7099
ensemble,7,35,2026-09-22 11:00:00,0.7652048115051132,0.6386
ensemble,7,36,2026-09-22 12:00:00,0.901852008670193,0.8855
ensemble,7,37,2026-09-22 13:00:00,0.8299149645039906,1.0445
ensemble,7,38,2026-09-22 14:00:00,0.6764160061981376,0.5481
ensemble,7,39,2026-09-22 15:00:00,1.026519017967571,0.5567
ensemble,7,40,2026-09-22 16:00:00,0.5847616564561104,0.5578
ensemble,7,41,2026-09-22 17:00:00,0.8743210012888991,0.7401
ensemble,7,42,2026-09-22 18:00:00,1.8039808988472525,0.7564
ensemble,7,43,2026-09-22 19:00:00,3.270554669924308,1.2325
ensemble,7,44,2026-09-22 20:00:00,1.9210140740534354,3.9198
ensemble,7,45,2026-09-22 21:00:00,1.7795593004509707,1.8735
ensemble,7,46,2026-09-22 22:00:00,0.42269177687171317,0.3337
ensemble,7,47,2026-09-22 23:00:00,0.1520071615254207,0.1251
ensemble,7,48,2026-09-23 00:00:00,0.12633497128783427,0.0877
ensemble,7,49,2026-09-23 01:00:00,0.1180377535692589,0.0785
ensemble,7,50,2026-09-23 02:00:00,0.3246506090837227,0.1499
ensemble,7,51,2026-09-23 03:00:00,0.5804537507493248,0.7744
ensemble,7,52,2026-09-23 04:00:00,0.7272004058946168,0.7573
ensemble,7,53,2026-09-23 05:00:00,1.3023996198435386,1.1058
ensemble,7,54,2026-09-23 06:00:00,4.525306144613979,4.0864
ensemble,7,55,2026-09-23 07:00:00,1.6923821373130452,1.6096
ensemble,7,56,2026-09-23 08:00:00,0.14332806676672674,0.0812
ensemble,7,57,2026-09-23 09:00:00,0.27173425715576116,0.11
ensemble,7,58,2026-09-23 10:00:00,0.25628854811473023,0.1261
ensemble,7,59,2026-09-23 11:00:00,0.30278871754260483,0.5742
ensemble,7,60,2026-09-23 12:00:00,0.38530534577804604,0.484
ensemble,7,61,2026-09-23 13:00:00,0.2764825181222493,0.2953
ensemble,7,62,2026-09-23 14:00:00,2.0078997777826584,2.2515
ensemble,7,63,2026-09-23 15:00:00,1.2919516948789957,1.1606
ensemble,7,64,2026-09-23 16:00:00,0.8250286476815002,0.8023
ensemble,7,65,2026-09-23 17:00:00,0.9943781568909574,1.5597
ensemble,7,66,2026-09-23 18:00:00,1.852626258909261,1.6953
ensemble,7,67,2026-09-23 19:00:00,2.491854394459658,1.6232
ensemble,7,68,2026-09-23 20:00:00,1.8679492422019326,1.2773
ensemble,7,69,2026-09-23 21:00:00,1.5200650293785543,1.1915
ensemble,7,70,2026-09-23 22:00:00,0.3638628844926047,0.3554
ensemble,7,71,2026-09-23 23:00:00,0.14942140887128227,0.1136
ensemble,7,72,2026-09-24 00:00:00,0.12852052378342313,0.0969
ensemble,7,73,2026-09-24 01:00:00,0.2336343603310885,0.0759
ensemble,7,74,2026-09-24 02:00:00,0.7063890003541354,0.5055
ensemble,7,75,2026-09-24 03:00:00,0.8266536560685926,0.8411
ensemble,7,76,2026-09-24 04:00:00,0.9594769856067282,0.8402
ensemble,7,77,2026-09-24 05:00:00,1.4575714137106222,1.263
ensemble,7,78,2026-09-24 06:00:00,4.527227192768574,4.3716
ensemble,7,79,2026-09-24 07:00:00,1.6636473945314854,1.5934
ensemble,7,80,2026-09-24 08:00:00,1.130734175467491,1.0709
ensemble,7,81,2026-09-24 09:00:00,0.9710833649584385,0.8352
ensemble,7,82,2026-09-24 10:00:00,0.9893859854007415,0.7498
ensemble,7,83,2026-09-24 11:00:00,0.7143267396797243,0.5709
ensemble,7,84,2026-09-24 12:00:00,0.8662835027335766,1.8064
ensemble,7,85,2026-09-24 13:00:00,0.6153163967397677,0.459
ensemble,7,86,2026-09-24 14:00:00,0.5372216671850094,0.4468
ensemble,7,87,2026-09-24 15:00:00,1.1537925756760539,0.7948
ensemble,7,88,2026-09-24 16:00:00,0.9068554448853491,1.0064
ensemble,7,89,2026-09-24 17:00:00,1.25651633315259,1.0613
ensemble,7,90,2026-09-24 18:00:00,1.7010217845145588,2.6794
ensemble,7,91,2026-09-24 19:00:00,2.083625086593307,1.0706
ensemble,7,92,2026-09-24 20:00:00,1.556779408573591,1.4006
ensemble,7,93,2026-09-24 21:00:00,1.1206860632674125,1.9418
ensemble,7,94,2026-09-24 22:00:00,0.38129656835003517,0.338
ensemble,7,95,2026-09-24 23:00:00,0.1262797785510564,0.0838
ensemble,7,96,2026-09-25 00:00:00,0.1164423889023656,0.1066
ensemble,7,97,2026-09-25 01:00:00,0.1299390532479109,0.0855
ensemble,7,98,2026-09-25 02:00:00,0.23367923713484937,0.0858
ensemble,7,99,2026-09-25 03:00:00,0.6693122084347327,0.3577
ensemble,7,100,2026-09-25 04:00:00,0.7303655210111969,0.5861
ensemble,7,101,2026-09-25 05:00:00,1.3569361262460062,1.4738
ensemble,7,102,2026-09-25 06:00:00,4.550429455580426,5.7151
ensemble,7,103,2026-09-25 07:00:00,1.6058592267525371,1.0286
ensemble,7,104,2026-09-25 08:00:00,0.21143009060899015,0.103
ensemble,7,105,2026-09-25 09:00:00,0.293378651762433,0.1046
ensemble,7,106,2026-09-25 10:00:00,0.218324129889527,0.1084
ensemble,7,107,2026-09-25 11:00:00,0.22788897303344754,0.1068
ensemble,7,108,2026-09-25 12:00:00,0.3142624601217847,0.3392
ensemble,7,109,2026-09-25 13:00:00,0.2691453682647908,0.312
ensemble,7,110,2026-09-25 14:00:00,1.8372750423144246,2.2261
ensemble,7,111,2026-09-25 15:00:00,1.11286433196843,1.0586
ensemble,7,112,2026-09-25 16:00:00,0.75454226654399,0.5996
ensemble,7,113,2026-09-25 17:00:00,1.214279087038836,1.1515
ensemble,7,114,2026-09-25 18:00:00,1.840609747439263,3.5674
ensemble,7,115,2026-09-25 19:00:00,1.7704489801320231,1.4931
ensemble,7,116,2026-09-25 20:00:00,1.7804896707758158,0.9674
ensemble,7,117,2026-09-25 21:00:00,1.3926373222259105,1.7421
ensemble,7,118,2026-09-25 22:00:00,0.428457920060455,0.4071
ensemble,7,119,2026-09-25 23:00:00,0.15849934623867282,0.1224
ensemble,7,120,2026-09-26 00:00:00,0.11606017920120427,0.1185
ensemble,7,121,2026-09-26 01:00:00,0.12687764555947473,0.096
ensemble,7,122,2026-09-26 02:00:00,0.21268700753641356,0.1105
ensemble,7,123,2026-09-26 03:00:00,0.6228268299811537,0.2776
ensemble,7,124,2026-09-26 04:00:00,0.8826671952710721,0.7248
ensemble,7,125,2026-09-26 05:00:00,1.0323846951537456,0.7607
ensemble,7,126,2026-09-26 06:00:00,3.8040357771735254,3.6249
ensemble,7,127,2026-09-26 07:00:00,1.7793985473525706,1.2722
ensemble,7,128,2026-09-26 08:00:00,1.7682264628672757,1.3324
ensemble,7,129,2026-09-26 09:00:00,1.0647687503677172,1.5402
ensemble,7,130,2026-09-26 10:00:00,0.6276517175198182,0.4336
ensemble,7,131,2026-09-26 11:00:00,0.6189657638799924,0.5887
ensemble,7,132,2026-09-26 12:00:00,1.0197511405475537,0.3667
ensemble,7,133,2026-09-26 13:00:00,0.7144186604479729,0.1969
ensemble,7,134,2026-09-26 14:00:00,0.3977095418207821,0.3719
ensemble,7,135,2026-09-26 15:00:00,0.4228287088587757,0.3832
ensemble,7,136,2026-09-26 16:00:00,0.48958028606917575,0.3091
ensemble,7,137,2026-09-26 17:00:00,0.5632764785608121,0.9655
ensemble,7,138,2026-09-26 18:00:00,1.7657329692623407,1.8206
ensemble,7,139,2026-09-26 19:00:00,1.3019111834613064,1.946
ensemble,7,140,2026-09-26 20:00:00,1.5530262236221204,1.1664
ensemble,7,141,2026-09-26 21:00:00,1.306231876281781,0.8231
ensemble,7,142,2026-09-26 22:00:00,0.4648881131720074,0.304
ensemble,7,143,2026-09-26 23:00:00,0.3235790765243671,0.2651
ensemble,7,144,2026-09-27 00:00:00,0.10193577106424344,0.0967
ensemble,7,145,2026-09-27 01:00:00,0.1330812415195975,0.0985
ensemble,7,146,2026-09-27 02:00:00,0.3139909338164064,0.1172
ensemble,7,147,2026-09-27 03:00:00,0.6569338422801612,0.2575
ensemble,7,148,2026-09-27 04:00:00,0.6664633273679154,0.7613
ensemble,7,149,2026-09-27 05:00:00,0.6189344067953974,0.6985
ensemble,7,150,2026-09-27 06:00:00,3.5250409633924122,3.7483
ensemble,7,151,2026-09-27 07:00:00,1.2148718262455895,1.2663
ensemble,7,152,2026-09-27 08:00:00,1.5376951831647758,1.4147
ensemble,7,153,2026-09-27 09:00:00,0.9435230297268373,1.0072
ensemble,7,154,2026-09-27 10:00:00,0.6793438650928458,0.5389
ensemble,7,155,2026-09-27 11:00:00,0.4878696922190821,0.2532
ensemble,7,156,2026-09-27 12:00:00,0.8344528388144211,0.2189
ensemble,7,157,2026-09-27 13:00:00,0.7140964434927038,0.4445
ensemble,7,158,2026-09-27 14:00:00,0.3688450598074084,0.1746
ensemble,7,159,2026-09-27 15:00:00,0.3147539742099057,0.3174
ensemble,7,160,2026-09-27 16:00:00,0.3511200016008084,0.8866
ensemble,7,161,2026-09-27 17:00:00,0.32480812664143555,2.1884
ensemble,7,162,2026-09-27 18:00:00,1.856993964448644,2.529
ensemble,7,163,2026-09-27 19:00:00,1.5582877925529948,1.2652
ensemble,7,164,2026-09-27 20:00:00,1.8647385223172683,0.6703
ensemble,7,165,2026-09-27 21:00:00,1.2082339191116966,0.6995
ensemble,7,166,2026-09-27 22:00:00,0.4843366928554789,0.3775
ensemble,7,167,2026-09-27 23:00:00,0.3459605729843269,0.2294
