timestamp,hour,outdoor_temp_c,radiation_w_m2,pv_kwh_per_kwp,marek_home,ania_home,kuba_home,zosia_home,people_home,marek_shift,home_office,school_day,free_day,heat_pump_kwh,refrigerator_kwh,kettle_kwh,coffee_machine_kwh,oven_kwh,hob_kwh,washing_machine_kwh,dishwasher_kwh,tv_kwh,gaming_console_kwh,desktop_computer_kwh,laptop_kwh,wifi_router_kwh,lighting_kwh,charging_kwh,standby_kwh,predicted_total_kwh,low_total_kwh,safe_predicted_total_kwh,peak_kw,actual_total_kwh
2026-09-28 00:00:00,0,13.7,0.0,0.0,2,2,2,2,4,2,0,1,0,0.0,0.0345,0.0,0.0001,0.0,0.0,0.0,0.0006,0.0,0.0001,0.0,0.0,0.0099,0.0007,0.0002,0.0497,0.0958,0.0,0.1168,0.204,
2026-09-28 01:00:00,1,13.4,0.0,0.0,2,2,2,2,4,2,0,1,0,0.0,0.0375,0.0002,0.0,0.0022,0.0,0.0,0.0,0.0,0.0,0.0,0.0001,0.0103,0.0001,0.0003,0.0507,0.1015,0.0,0.1545,0.317,
2026-09-28 02:00:00,2,12.9,0.0,0.0,2,2,2,2,4,2,0,1,0,0.0,0.0427,0.0001,0.0,0.0,0.0,0.0,0.0,0.0001,0.0,0.0,0.0,0.0121,0.0,0.0001,0.0525,0.1077,0.0,0.1707,0.447,
2026-09-28 03:00:00,3,12.4,0.0,0.0,2,2,2,2,4,2,0,1,0,0.0097,0.0386,0.0,0.0,0.0053,0.0046,0.0447,0.0,0.0,0.0,0.0,0.0,0.0109,0.0001,0.0,0.0468,0.1605,0.0,0.2235,0.701,
2026-09-28 04:00:00,4,12.0,0.0,0.0,2,2,2,2,4,2,0,1,0,0.1006,0.0415,0.0,0.0002,0.0027,0.0,0.0022,0.0,0.0,0.0,0.0,0.0,0.0117,0.0,0.0,0.0516,0.2106,0.0586,0.3526,1.179,
2026-09-28 05:00:00,5,11.6,0.0,0.0,2,2,2,2,4,2,0,1,0,0.1914,0.037,0.0,0.0004,0.0,0.0,0.0015,0.0,0.0,0.0,0.0,0.0,0.0107,0.0,0.0,0.0451,0.286,0.032,0.43,1.494,
2026-09-28 06:00:00,6,11.1,0.0,0.0,2,1,1,1,4,2,0,1,0,2.1697,0.0461,0.3669,0.1197,0.0004,0.0539,0.0328,0.0,0.0001,0.0,0.0,0.0001,0.0126,0.2078,0.0083,0.0481,3.0667,2.2827,3.3437,6.796,
2026-09-28 07:00:00,7,11.1,3.0,0.0024,2,1,1,1,4,2,0,1,0,1.1475,0.043,0.0084,0.0066,0.0,0.0023,0.0443,0.0,0.0,0.0006,0.0,0.0005,0.0111,0.1897,0.0113,0.0487,1.5139,0.9639,2.0059,4.025,
2026-09-28 08:00:00,8,12.0,81.0,0.0868,1,0,0,0,1,2,0,1,0,0.8368,0.0424,0.1393,0.1352,0.0,0.1822,0.0,0.0,0.0113,0.0,0.0,0.0007,0.0114,0.0045,0.0032,0.057,1.424,0.965,1.662,7.089,
2026-09-28 09:00:00,9,13.7,217.0,0.2509,1,0,0,0,1,2,0,1,0,0.5286,0.042,0.0035,0.0,0.0,0.0147,0.0126,0.0003,0.046,0.0028,0.0,0.0,0.0112,0.0,0.0,0.0542,0.7158,0.4218,1.0528,2.196,
2026-09-28 10:00:00,10,15.9,356.0,0.4251,1,0,0,0,1,2,0,1,0,0.2887,0.0363,0.0,0.0,0.0,0.0,0.0382,0.0139,0.0347,0.0,0.0,0.0,0.011,0.0,0.0002,0.0497,0.4726,0.2766,0.8966,2.119,
2026-09-28 11:00:00,11,18.0,472.0,0.5707,1,0,0,0,1,2,0,1,0,0.0802,0.0441,0.0019,0.0017,0.0,0.008,0.0004,0.0,0.0706,0.0127,0.0001,0.0011,0.012,0.0003,0.0,0.0561,0.2892,0.0,0.3692,2.201,
2026-09-28 12:00:00,12,19.6,548.0,0.6674,1,0,0,0,1,2,0,1,0,0.03,0.045,0.0379,0.0807,0.0148,0.09,0.0314,0.0,0.0344,0.0,0.0,0.0,0.012,0.0,0.0001,0.0598,0.4361,0.0,1.2061,4.602,
2026-09-28 13:00:00,13,20.6,578.0,0.7055,1,0,0,0,1,2,0,1,0,0.0,0.0435,0.0207,0.0345,0.0126,0.1419,0.0024,0.0,0.0314,0.0,0.0132,0.0002,0.0118,0.0,0.0002,0.0486,0.3609,0.0,0.8339,4.168,
2026-09-28 14:00:00,14,21.3,557.0,0.6792,0,0,0,1,1,2,0,1,0,0.0025,0.0482,0.0082,0.0021,0.1278,0.0119,0.0,0.011,0.0326,0.0,0.0008,0.0,0.0116,0.0,0.0002,0.0512,0.3081,0.0,0.5781,2.546,
2026-09-28 15:00:00,15,21.5,488.0,0.5916,0,0,1,1,2,2,0,1,0,0.0024,0.0548,0.0234,0.0012,0.1511,0.0,0.0006,0.0,0.046,0.023,0.0738,0.0,0.0144,0.0,0.0,0.0635,0.4542,0.0,0.7572,2.794,
2026-09-28 16:00:00,16,21.5,378.0,0.4528,0,0,0,1,1,2,0,1,0,0.0685,0.06,0.0301,0.0033,0.0366,0.0,0.0,0.0,0.0752,0.0549,0.0023,0.0,0.0144,0.0,0.0026,0.0757,0.4237,0.0957,0.7927,2.719,
2026-09-28 17:00:00,17,21.1,240.0,0.2802,0,1,0,1,2,2,0,1,0,0.0599,0.0513,0.0205,0.0,0.0448,0.3279,0.0,0.0002,0.0732,0.1199,0.0067,0.004,0.0126,0.0,0.0056,0.0522,0.7788,0.1198,1.8258,4.781,
2026-09-28 18:00:00,18,20.2,100.0,0.1093,0,1,1,1,3,2,0,1,0,0.0121,0.0482,0.0376,0.0,1.4215,0.8084,0.0,0.0,0.0324,0.0266,0.0561,0.0388,0.012,0.0,0.0026,0.0464,2.5429,0.9829,3.5869,5.684,
2026-09-28 19:00:00,19,18.7,7.0,0.0067,0,1,1,1,3,2,0,1,0,0.0285,0.0418,0.0046,0.0003,0.319,0.5039,0.032,0.3525,0.0312,0.0601,0.0728,0.0235,0.011,0.1445,0.0057,0.0421,1.6734,0.1424,2.9284,5.642,
2026-09-28 20:00:00,20,17.5,0.0,0.0,0,1,1,1,3,2,0,1,0,0.0072,0.0434,0.0001,0.0,0.1198,0.201,0.0249,0.5163,0.0609,0.0269,0.0704,0.0228,0.0115,0.19,0.006,0.0456,1.3468,0.1888,2.1068,4.318,
2026-09-28 21:00:00,21,16.5,0.0,0.0,0,1,1,1,3,2,0,1,0,0.0113,0.0513,0.0008,0.0,0.0,0.0,0.007,0.1161,0.0667,0.0,0.1033,0.0311,0.0133,0.2222,0.0041,0.0613,0.6884,0.0604,1.5084,3.462,
2026-09-28 22:00:00,22,15.8,0.0,0.0,0,1,1,2,3,2,0,1,0,0.0,0.0435,0.0,0.0,0.0,0.0,0.0,0.0,0.0628,0.0007,0.0002,0.0,0.0111,0.1567,0.0034,0.0513,0.3297,0.1057,0.3867,0.515,
2026-09-28 23:00:00,23,15.4,0.0,0.0,1,2,2,2,4,2,0,1,0,0.0035,0.042,0.104,0.0506,0.0,0.1981,0.0,0.0097,0.0,0.001,0.0,0.0031,0.0119,0.1186,0.0001,0.053,0.5954,0.4054,0.7464,4.185,
2026-09-29 00:00:00,0,14.8,0.0,0.0,1,2,2,2,4,2,1,1,0,0.0113,0.0455,0.0,0.0,0.0,0.0114,0.0,0.0,0.0,0.0005,0.0,0.0,0.0129,0.1224,0.0005,0.0595,0.2641,0.0771,0.2851,0.565,
2026-09-29 01:00:00,1,14.2,0.0,0.0,2,2,2,2,4,2,1,1,0,0.0064,0.037,0.0,0.0031,0.0003,0.0045,0.0,0.0,0.0,0.0,0.0,0.0,0.0104,0.0001,0.0002,0.0468,0.1089,0.0,0.1619,0.21,
2026-09-29 02:00:00,2,13.6,0.0,0.0,2,2,2,2,4,2,1,1,0,0.0002,0.0422,0.0,0.0,0.0,0.0098,0.0,0.0,0.0,0.0005,0.0003,0.0001,0.0113,0.0001,0.0002,0.0475,0.1122,0.0,0.1752,0.247,
2026-09-29 03:00:00,3,13.0,0.0,0.0,2,2,2,2,4,2,1,1,0,0.0,0.046,0.0,0.0,0.0,0.0007,0.0,0.0,0.0,0.0001,0.0001,0.0001,0.012,0.0001,0.0001,0.051,0.1102,0.0,0.1732,0.436,
2026-09-29 04:00:00,4,12.6,0.0,0.0,2,2,2,2,4,2,1,1,0,0.0,0.049,0.0,0.0008,0.0,0.0062,0.0,0.0003,0.0,0.0004,0.0,0.0,0.0128,0.0,0.0,0.0585,0.1281,0.0,0.2701,0.608,
2026-09-29 05:00:00,5,12.2,0.0,0.0,2,2,2,2,4,2,1,1,0,0.0,0.0427,0.0,0.0,0.0036,0.0043,0.0078,0.0,0.0,0.0004,0.0002,0.0003,0.0113,0.0001,0.0,0.0542,0.1247,0.0,0.2687,0.995,
2026-09-29 06:00:00,6,11.8,0.0,0.0,2,1,1,1,4,2,1,1,0,0.4543,0.0466,0.2972,0.1145,0.0008,0.0994,0.0,0.0,0.0,0.0,0.0,0.0,0.0122,0.1936,0.0125,0.0546,1.2858,0.5018,1.5628,5.438,
2026-09-29 07:00:00,7,11.8,2.0,0.0016,2,1,1,1,4,2,1,1,0,0.5367,0.0479,0.0046,0.0058,0.0,0.0244,0.0126,0.0,0.0,0.0,0.003,0.0006,0.0115,0.1891,0.0156,0.0564,0.9083,0.3583,1.4003,3.289,
2026-09-29 08:00:00,8,12.7,80.0,0.0867,1,1,0,0,2,2,1,1,0,0.4802,0.0449,0.123,0.0914,0.0,0.1515,0.0,0.01,0.012,0.0,0.0029,0.0421,0.0105,0.0035,0.0049,0.0551,1.032,0.573,1.27,4.947,
2026-09-29 09:00:00,9,13.8,219.0,0.2538,1,1,0,0,2,2,1,1,0,0.3827,0.0433,0.0026,0.0029,0.0,0.0547,0.0114,0.0,0.044,0.0,0.0028,0.0383,0.0106,0.0001,0.0,0.0516,0.645,0.351,0.982,1.978,
2026-09-29 10:00:00,10,15.6,361.0,0.4318,1,1,0,0,2,2,1,1,0,0.2293,0.0397,0.0043,0.0,0.0,0.004,0.0206,0.0,0.0269,0.0,0.0,0.0371,0.01,0.0,0.0,0.0491,0.421,0.225,0.845,1.912,
2026-09-29 11:00:00,11,18.0,477.0,0.5777,1,1,0,0,2,2,1,1,0,0.1141,0.0473,0.0055,0.0,0.0003,0.0,0.0084,0.0,0.0475,0.0,0.0174,0.0433,0.0108,0.0,0.0,0.055,0.3497,0.0067,0.4297,2.071,
2026-09-29 12:00:00,12,19.5,554.0,0.6755,1,1,0,0,2,2,1,1,0,0.0612,0.0448,0.0364,0.0283,0.0,0.1727,0.0462,0.0,0.0402,0.0,0.0039,0.0396,0.0112,0.0,0.0001,0.0475,0.5322,0.0,1.3022,4.778,
2026-09-29 13:00:00,13,20.5,582.0,0.7126,1,1,0,0,2,2,1,1,0,0.0435,0.0429,0.0333,0.022,0.0,0.242,0.023,0.0,0.0215,0.0,0.0086,0.0413,0.0106,0.0,0.0005,0.0477,0.5368,0.0508,1.0098,4.279,
2026-09-29 14:00:00,14,21.0,558.0,0.6828,0,1,0,1,2,2,1,1,0,0.0451,0.0554,0.0294,0.0061,0.0,0.0286,0.0,0.0,0.0322,0.0,0.0098,0.048,0.0133,0.0,0.0002,0.0558,0.324,0.0,0.594,2.485,
2026-09-29 15:00:00,15,21.3,487.0,0.594,0,1,1,1,3,2,1,1,0,0.0283,0.0515,0.0521,0.0003,0.0341,0.0362,0.0,0.0,0.0215,0.0239,0.0639,0.0384,0.0118,0.0,0.0002,0.0485,0.4109,0.0,0.7139,3.792,
2026-09-29 16:00:00,16,21.1,374.0,0.4518,0,1,1,0,2,2,1,1,0,0.0305,0.0417,0.0207,0.0021,0.0,0.0,0.0,0.0069,0.046,0.0182,0.0896,0.0029,0.0099,0.0,0.001,0.0416,0.311,0.0,0.68,2.662,
2026-09-29 17:00:00,17,20.6,236.0,0.278,0,1,1,0,2,2,1,1,0,0.0452,0.0446,0.0168,0.0027,0.0821,0.1541,0.0,0.0,0.0575,0.0168,0.1006,0.0042,0.0111,0.0,0.0029,0.0451,0.5836,0.0,1.6306,4.204,
2026-09-29 18:00:00,18,19.7,95.0,0.1057,0,1,1,1,3,2,1,1,0,0.0163,0.0611,0.0327,0.0,0.4799,0.5446,0.0,0.0578,0.0744,0.0218,0.0719,0.0343,0.0158,0.0,0.0055,0.0621,1.4782,0.0,2.5222,5.536,
2026-09-29 19:00:00,19,18.3,6.0,0.006,0,1,1,1,3,2,1,1,0,0.0075,0.0551,0.0061,0.0,0.131,0.4992,0.0549,0.0321,0.0436,0.0472,0.0603,0.0338,0.0129,0.185,0.0054,0.0537,1.2279,0.0,2.4829,5.357,
2026-09-29 20:00:00,20,17.2,0.0,0.0,0,1,1,1,3,2,1,1,0,0.018,0.0582,0.0004,0.0018,0.0,0.2267,0.0431,0.1141,0.0834,0.0548,0.0495,0.022,0.0143,0.234,0.0055,0.057,0.9828,0.0,1.7428,4.189,
2026-09-29 21:00:00,21,16.3,0.0,0.0,0,1,1,1,3,2,1,1,0,0.0237,0.0562,0.0,0.0,0.0,0.0076,0.0061,0.1633,0.0809,0.0015,0.1009,0.0334,0.0142,0.2314,0.0064,0.0606,0.7863,0.1583,1.6063,3.492,
2026-09-29 22:00:00,22,15.6,0.0,0.0,0,1,1,2,3,2,1,1,0,0.0064,0.0456,0.0,0.0,0.0,0.0066,0.0019,0.0,0.0782,0.001,0.0,0.0,0.011,0.1505,0.0023,0.049,0.3526,0.1286,0.4096,0.505,
2026-09-29 23:00:00,23,15.3,0.0,0.0,1,2,2,2,4,2,1,1,0,0.0145,0.0437,0.1078,0.0021,0.0,0.262,0.0036,0.0,0.0,0.0003,0.0,0.0005,0.0123,0.1163,0.0007,0.0527,0.6164,0.4264,0.7674,4.398,
2026-09-30 00:00:00,0,14.7,0.0,0.0,1,2,2,2,4,2,0,1,0,0.0051,0.0462,0.0,0.0,0.0,0.0129,0.0026,0.0012,0.0,0.0005,0.0,0.0,0.0122,0.1238,0.0002,0.0561,0.2608,0.0738,0.2818,0.572,
2026-09-30 01:00:00,1,14.1,0.0,0.0,2,2,2,2,4,2,0,1,0,0.0033,0.0376,0.0,0.0001,0.0004,0.0105,0.0024,0.0,0.0,0.0001,0.0,0.0,0.0103,0.0001,0.0001,0.0445,0.1093,0.0,0.1623,0.209,
2026-09-30 02:00:00,2,13.4,0.0,0.0,2,2,2,2,4,2,0,1,0,0.0,0.0441,0.0,0.0,0.0,0.0084,0.0,0.0,0.0,0.0,0.0,0.0,0.0113,0.0001,0.0003,0.0466,0.1108,0.0,0.1738,0.325,
2026-09-30 03:00:00,3,12.9,0.0,0.0,2,2,2,2,4,2,0,1,0,0.0,0.0493,0.0,0.0,0.0,0.0083,0.0,0.0,0.0001,0.0001,0.0,0.0,0.0131,0.0001,0.0002,0.0524,0.1235,0.0,0.1865,0.407,
2026-09-30 04:00:00,4,12.4,0.0,0.0,2,2,2,2,4,2,0,1,0,0.0,0.047,0.0,0.0,0.0119,0.0159,0.0257,0.0,0.0,0.0,0.0,0.0,0.013,0.0001,0.0002,0.0588,0.1726,0.0206,0.3146,0.606,
2026-09-30 05:00:00,5,11.9,0.0,0.0,2,2,2,2,4,2,0,1,0,0.0,0.0513,0.0,0.0018,0.0,0.007,0.0104,0.0,0.0,0.0,0.0,0.0,0.014,0.0,0.0003,0.0686,0.1535,0.0,0.2975,1.155,
2026-09-30 06:00:00,6,11.4,0.0,0.0,2,1,1,1,4,2,0,1,0,0.3824,0.0449,0.3788,0.1472,0.0008,0.0737,0.0,0.0,0.0,0.0,0.0,0.0,0.0121,0.1912,0.0097,0.0555,1.2962,0.5122,1.5732,5.646,
2026-09-30 07:00:00,7,11.3,2.0,0.0016,2,1,1,1,4,2,0,1,0,0.6124,0.0469,0.0054,0.0066,0.0,0.0236,0.0,0.0,0.0002,0.0001,0.0,0.0,0.0119,0.1884,0.0166,0.0597,0.9718,0.4218,1.4638,3.378,
2026-09-30 08:00:00,8,12.1,75.0,0.0826,1,0,0,0,1,2,0,1,0,0.6089,0.0416,0.1089,0.0984,0.0,0.157,0.0082,0.0,0.0219,0.0,0.0,0.0,0.0111,0.0444,0.0038,0.0566,1.1609,0.7019,1.3989,5.635,
2026-09-30 09:00:00,9,13.6,211.0,0.2474,1,0,0,0,1,2,0,1,0,0.4793,0.0434,0.0002,0.0031,0.0,0.0199,0.025,0.0,0.0422,0.0,0.0,0.0,0.0115,0.0002,0.0,0.0544,0.6794,0.3854,1.0164,2.099,
2026-09-30 10:00:00,10,15.8,347.0,0.4179,1,0,0,0,1,2,0,1,0,0.2779,0.0368,0.0054,0.0162,0.0,0.0454,0.0171,0.0,0.0393,0.0,0.0,0.0,0.0103,0.0001,0.0,0.0487,0.4973,0.3013,0.9213,2.057,
2026-09-30 11:00:00,11,18.0,459.0,0.5588,1,0,0,0,1,2,0,1,0,0.148,0.0452,0.0023,0.003,0.0,0.0,0.0088,0.0,0.0663,0.0045,0.0,0.0,0.0119,0.0002,0.0,0.0576,0.3479,0.0049,0.4279,2.173,
2026-09-30 12:00:00,12,19.9,536.0,0.6581,1,0,0,0,1,2,0,1,0,0.064,0.0363,0.035,0.0412,0.0003,0.1131,0.0179,0.0,0.0452,0.0,0.0,0.0,0.0096,0.0001,0.0004,0.0481,0.4112,0.0,1.1812,4.584,
2026-09-30 13:00:00,13,21.2,562.0,0.6908,1,0,0,0,1,2,0,1,0,0.0467,0.0389,0.0373,0.0354,0.0,0.1858,0.0,0.0,0.037,0.0,0.0,0.0008,0.0102,0.0,0.0006,0.0414,0.4341,0.0,0.9071,4.27,
2026-09-30 14:00:00,14,22.0,540.0,0.6637,0,0,0,1,1,2,0,1,0,0.0637,0.0566,0.0174,0.0,0.0,0.0,0.0,0.0,0.0508,0.0,0.0,0.0011,0.0151,0.0,0.0006,0.071,0.2764,0.0,0.5464,2.551,
2026-09-30 15:00:00,15,22.3,471.0,0.5762,0,0,1,1,2,2,0,1,0,0.0371,0.0489,0.0167,0.0,0.0,0.0,0.0,0.0,0.033,0.0315,0.0651,0.0013,0.0122,0.0,0.0,0.0482,0.2941,0.0,0.5971,2.785,
2026-09-30 16:00:00,16,22.3,361.0,0.4377,0,0,0,1,1,2,0,1,0,0.0655,0.0451,0.0225,0.0,0.0,0.0,0.0,0.0,0.052,0.0189,0.0133,0.0,0.0107,0.0,0.0,0.0438,0.2717,0.0,0.6407,2.514,
2026-09-30 17:00:00,17,21.4,220.0,0.2546,0,1,0,1,2,2,0,1,0,0.0663,0.0521,0.0527,0.0,0.1639,0.5179,0.0,0.0018,0.0659,0.0462,0.0,0.0,0.0129,0.0,0.0032,0.0479,1.0307,0.3717,2.0777,4.854,
2026-09-30 18:00:00,18,19.3,88.0,0.1045,0,1,1,1,3,2,0,1,0,0.0123,0.0522,0.0152,0.0013,0.2739,0.5868,0.0,0.0513,0.052,0.0433,0.1005,0.0337,0.0136,0.0,0.0052,0.0522,1.2935,0.0,2.3375,5.641,
2026-09-30 19:00:00,19,16.9,4.0,0.0046,0,1,1,1,3,2,0,1,0,0.0255,0.0449,0.001,0.0013,0.1974,0.5826,0.0027,0.2143,0.0632,0.066,0.0412,0.0166,0.0113,0.162,0.0032,0.0438,1.4769,0.0,2.7319,5.442,
2026-09-30 20:00:00,20,15.1,0.0,0.0,0,1,1,1,3,2,0,1,0,0.1224,0.0503,0.0036,0.0012,0.0944,0.4406,0.0485,0.2399,0.0654,0.0519,0.0496,0.0195,0.0127,0.2058,0.0045,0.0549,1.4652,0.3072,2.2252,4.346,
2026-09-30 21:00:00,21,14.5,0.0,0.0,0,1,1,1,3,2,0,1,0,0.2337,0.0533,0.0,0.0,0.0,0.0724,0.0,0.1476,0.0575,0.0002,0.0667,0.0214,0.013,0.2233,0.0058,0.0602,0.9552,0.3272,1.7752,3.577,
2026-09-30 22:00:00,22,13.7,0.0,0.0,0,1,1,2,3,2,0,1,0,0.0,0.0456,0.0,0.0,0.0046,0.0,0.0,0.0003,0.071,0.0021,0.0,0.0,0.0116,0.1559,0.0063,0.0522,0.3496,0.1256,0.4066,0.523,
2026-09-30 23:00:00,23,13.1,0.0,0.0,1,2,2,2,4,2,0,1,0,0.0002,0.0447,0.112,0.0458,0.0,0.2125,0.0,0.0191,0.0,0.0,0.0,0.0,0.0115,0.1178,0.002,0.0531,0.6186,0.4286,0.7696,4.284,
2026-10-01 00:00:00,0,12.6,0.0,0.0,1,2,2,2,4,2,1,1,0,0.0,0.0515,0.0001,0.0018,0.0,0.0077,0.0008,0.0002,0.0,0.0005,0.0,0.0006,0.014,0.1419,0.0,0.0621,0.2812,0.0942,0.3022,0.841,
2026-10-01 01:00:00,1,12.0,0.0,0.0,2,2,2,2,4,2,1,1,0,0.0,0.0385,0.0,0.0,0.0,0.0,0.0011,0.0015,0.0,0.0,0.0,0.0,0.0104,0.0,0.0,0.0471,0.0988,0.0,0.1518,0.532,
2026-10-01 02:00:00,2,11.4,0.0,0.0,2,2,2,2,4,2,1,1,0,0.0064,0.0431,0.0,0.0,0.0,0.0088,0.0,0.0008,0.0,0.0,0.0,0.0001,0.0113,0.0002,0.0,0.0501,0.1208,0.0,0.1838,0.72,
2026-10-01 03:00:00,3,10.9,0.0,0.0,2,2,2,2,4,2,1,1,0,0.0752,0.0425,0.0003,0.0,0.0,0.0099,0.0,0.0,0.0,0.0,0.0006,0.0001,0.0117,0.0001,0.0,0.0502,0.1907,0.0,0.2537,1.305,
2026-10-01 04:00:00,4,10.5,0.0,0.0,2,2,2,2,4,2,1,1,0,0.1121,0.0468,0.0001,0.001,0.0002,0.0,0.0,0.0,0.0,0.0001,0.0,0.0,0.0128,0.0,0.0,0.0556,0.2288,0.0768,0.3708,1.505,
2026-10-01 05:00:00,5,10.2,0.0,0.0,2,2,2,2,4,2,1,1,0,0.2069,0.0403,0.0003,0.0003,0.0,0.0,0.0,0.0,0.0,0.0,0.0003,0.0,0.0105,0.0,0.0,0.0458,0.3043,0.0503,0.4483,1.651,
2026-10-01 06:00:00,6,9.9,0.0,0.0,2,1,1,1,4,2,1,1,0,1.3367,0.0531,0.3286,0.1799,0.0,0.0515,0.2743,0.0,0.0,0.0,0.0004,0.0004,0.0128,0.2195,0.0114,0.0489,2.5174,1.7334,2.7944,6.886,
2026-10-01 07:00:00,7,9.7,1.0,0.0,2,1,1,1,4,2,1,1,0,1.15,0.0499,0.0012,0.0031,0.0019,0.0049,0.0169,0.0024,0.0,0.0,0.0005,0.0006,0.0117,0.1892,0.0162,0.0505,1.499,0.949,1.991,4.074,
2026-10-01 08:00:00,8,10.5,63.0,0.0665,1,1,0,0,2,2,1,1,0,0.9241,0.0444,0.1096,0.1194,0.0,0.1464,0.0,0.0006,0.0175,0.0007,0.0017,0.0405,0.0113,0.0576,0.0055,0.0489,1.5283,1.0693,1.7663,6.27,
2026-10-01 09:00:00,9,12.0,172.0,0.1761,1,1,0,0,2,2,1,1,0,0.6734,0.0446,0.0,0.0,0.0,0.0063,0.0054,0.0,0.0185,0.001,0.0,0.0418,0.0114,0.0,0.0,0.053,0.8554,0.5614,1.1924,2.223,
2026-10-01 10:00:00,10,13.9,294.0,0.3181,1,1,0,0,2,2,1,1,0,0.4451,0.0452,0.0,0.0,0.0075,0.0,0.0123,0.0,0.039,0.0,0.0,0.041,0.0119,0.0,0.0,0.0522,0.6543,0.4583,1.0783,2.111,
2026-10-01 11:00:00,11,16.1,427.0,0.5008,1,1,0,0,2,2,1,1,0,0.1598,0.0488,0.0005,0.0,0.0,0.0,0.0344,0.0,0.0401,0.0,0.0,0.0475,0.0133,0.0,0.0,0.0547,0.399,0.056,0.479,2.331,
2026-10-01 12:00:00,12,18.0,512.0,0.6103,1,1,0,0,2,2,1,1,0,0.0484,0.0449,0.0318,0.0297,0.0,0.2045,0.0064,0.0036,0.0438,0.0,0.0019,0.0389,0.0115,0.0,0.0,0.0502,0.5156,0.0,1.2856,4.74,
2026-10-01 13:00:00,13,19.2,527.0,0.6201,1,1,0,0,2,2,1,1,0,0.01,0.0421,0.0374,0.0303,0.0024,0.3751,0.0,0.0024,0.026,0.0061,0.0042,0.0427,0.0111,0.0,0.0,0.047,0.6367,0.1507,1.1097,4.421,
2026-10-01 14:00:00,14,19.8,485.0,0.553,0,1,0,1,2,2,1,1,0,0.0102,0.0359,0.0,0.0,0.0402,0.0,0.0,0.003,0.0136,0.0,0.0,0.0349,0.009,0.0,0.0,0.0433,0.1901,0.0,0.4601,2.382,
2026-10-01 15:00:00,15,19.9,400.0,0.4387,0,1,1,1,3,2,1,1,0,0.0122,0.0357,0.0175,0.0,0.1486,0.0,0.0,0.0,0.0313,0.0161,0.0993,0.0321,0.0091,0.0,0.0,0.0401,0.442,0.0,0.745,3.991,
2026-10-01 16:00:00,16,19.7,301.0,0.3199,0,1,1,1,3,2,1,1,0,0.0154,0.0464,0.0257,0.0,0.1491,0.0333,0.0,0.0,0.0486,0.0135,0.0547,0.0016,0.0112,0.0,0.0041,0.0494,0.4529,0.1249,0.8219,3.303,
2026-10-01 17:00:00,17,19.1,190.0,0.1985,0,1,1,1,3,2,1,1,0,0.0218,0.0407,0.0165,0.0,0.0461,0.3683,0.0138,0.0037,0.0464,0.0233,0.0545,0.0,0.0111,0.0,0.0016,0.0448,0.6928,0.0338,1.7398,4.666,
2026-10-01 18:00:00,18,17.2,64.0,0.058,0,1,1,1,3,2,1,1,0,0.0592,0.0464,0.0143,0.0005,0.2942,0.5101,0.0,0.0217,0.0412,0.0401,0.0467,0.0021,0.0115,0.0713,0.0,0.0469,1.2061,0.0,2.2501,5.372,
2026-10-01 19:00:00,19,15.4,3.0,0.0024,0,1,1,1,3,2,1,1,0,0.1731,0.0529,0.003,0.0,0.0961,0.3779,0.0,0.07,0.0783,0.0603,0.0635,0.0202,0.0135,0.1984,0.0039,0.0511,1.2622,0.0,2.5172,5.809,
2026-10-01 20:00:00,20,14.4,0.0,0.0,0,1,1,1,3,2,1,1,0,0.3413,0.0538,0.0,0.0,0.0,0.2147,0.0264,0.2445,0.0685,0.0711,0.0986,0.0154,0.0132,0.217,0.0087,0.055,1.4282,0.2702,2.1882,4.617,
2026-10-01 21:00:00,21,13.6,0.0,0.0,0,1,1,1,3,2,1,1,0,0.4311,0.0525,0.0,0.0,0.0179,0.0,0.0036,0.03,0.0691,0.0,0.0921,0.0262,0.0134,0.2149,0.0048,0.0546,1.0103,0.3823,1.8303,3.638,
2026-10-01 22:00:00,22,13.0,0.0,0.0,0,1,1,2,3,2,1,1,0,0.0035,0.0497,0.0,0.0,0.0,0.0,0.0016,0.0047,0.0899,0.0005,0.0,0.0009,0.0122,0.1429,0.0046,0.0489,0.3594,0.1354,0.4164,0.485,
2026-10-01 23:00:00,23,12.5,0.0,0.0,1,2,2,2,4,2,1,1,0,0.0,0.0513,0.1234,0.0141,0.0059,0.1303,0.0013,0.0,0.0,0.0011,0.0,0.0,0.0117,0.1301,0.001,0.0571,0.5274,0.3374,0.6784,3.788,
2026-10-02 00:00:00,0,12.0,0.0,0.0,1,2,2,2,4,2,0,1,0,0.0,0.0523,0.001,0.0007,0.0,0.0,0.0005,0.0,0.0,0.0,0.0,0.0,0.0143,0.1515,0.0,0.0657,0.2861,0.0991,0.3071,0.792,
2026-10-02 01:00:00,1,11.6,0.0,0.0,2,2,2,2,4,2,0,1,0,0.0,0.0413,0.0,0.0006,0.0,0.0,0.0,0.0003,0.0002,0.0,0.0005,0.0,0.0116,0.0003,0.0,0.0524,0.1071,0.0,0.1601,0.544,
2026-10-02 02:00:00,2,11.1,0.0,0.0,2,2,2,2,4,2,0,1,0,0.023,0.0436,0.0008,0.0003,0.0,0.009,0.0,0.0,0.0003,0.0004,0.0,0.0,0.0126,0.0003,0.0,0.0562,0.1465,0.0,0.2095,0.888,
2026-10-02 03:00:00,3,10.4,0.0,0.0,2,2,2,2,4,2,0,1,0,0.1569,0.0407,0.0018,0.0006,0.0,0.0,0.0,0.0,0.0,0.0001,0.0,0.0,0.0115,0.0,0.0,0.0544,0.2661,0.0,0.3291,1.381,
2026-10-02 04:00:00,4,9.8,0.0,0.0,2,2,2,2,4,2,0,1,0,0.3233,0.0389,0.0007,0.0,0.0008,0.0,0.0,0.0,0.0,0.0002,0.0,0.0001,0.011,0.0,0.0,0.0517,0.4267,0.2747,0.5687,1.655,
2026-10-02 05:00:00,5,9.4,0.0,0.0,2,2,2,2,4,2,0,1,0,0.4196,0.0392,0.0,0.0,0.0,0.0,0.0,0.0008,0.0,0.0002,0.0009,0.0,0.0106,0.0,0.0002,0.0487,0.5201,0.2661,0.6641,1.642,
2026-10-02 06:00:00,6,9.1,0.0,0.0,2,1,1,1,4,2,0,1,0,2.7988,0.0482,0.3554,0.1858,0.0,0.0566,0.0777,0.0028,0.0004,0.0,0.0001,0.0,0.0118,0.2048,0.0075,0.0507,3.8006,3.0166,4.0776,7.666,
2026-10-02 07:00:00,7,9.1,0.0,0.0,2,1,1,1,4,2,0,1,0,1.3356,0.0484,0.0051,0.0,0.0,0.0042,0.0344,0.003,0.0006,0.0,0.0001,0.0,0.0119,0.1986,0.0153,0.0543,1.7116,1.1616,2.2036,4.195,
2026-10-02 08:00:00,8,9.9,72.0,0.0977,1,0,0,0,1,2,0,1,0,0.9673,0.0415,0.1079,0.1341,0.0,0.2217,0.0,0.0023,0.0161,0.0002,0.0,0.0004,0.0111,0.048,0.0046,0.0566,1.6118,1.1528,1.8498,6.955,
2026-10-02 09:00:00,9,12.0,222.0,0.2935,1,0,0,0,1,2,0,1,0,0.6378,0.0425,0.0013,0.0014,0.0,0.0267,0.028,0.0005,0.0259,0.0016,0.0,0.0,0.0111,0.0005,0.0,0.0533,0.8304,0.5364,1.1674,2.297,
2026-10-02 10:00:00,10,14.8,358.0,0.4683,1,0,0,0,1,2,0,1,0,0.3587,0.0402,0.0034,0.0007,0.0008,0.0121,0.0267,0.0025,0.0377,0.0007,0.0,0.0,0.012,0.0002,0.0,0.0538,0.5495,0.3535,0.9735,2.152,
2026-10-02 11:00:00,11,17.2,467.0,0.6087,1,0,0,0,1,2,0,1,0,0.0908,0.0462,0.0028,0.0108,0.0022,0.0185,0.0197,0.0,0.0624,0.0041,0.0018,0.0,0.014,0.0003,0.0,0.0562,0.3298,0.0,0.4098,2.246,
2026-10-02 12:00:00,12,18.7,550.0,0.7211,1,0,0,0,1,2,0,1,0,0.0157,0.0444,0.0362,0.0684,0.0042,0.2081,0.0,0.001,0.0595,0.0136,0.0,0.0016,0.0134,0.0001,0.0,0.0611,0.5273,0.0,1.2973,4.548,
2026-10-02 13:00:00,13,19.7,576.0,0.7537,1,0,0,0,1,2,0,1,0,0.0,0.0383,0.0179,0.0351,0.0404,0.1773,0.0074,0.0001,0.0431,0.0,0.0,0.0007,0.0105,0.0001,0.0,0.0459,0.417,0.0,0.89,4.262,
2026-10-02 14:00:00,14,20.3,551.0,0.7196,0,0,0,1,1,2,0,1,0,0.0,0.0413,0.0,0.0,0.0089,0.0,0.0,0.0,0.0389,0.0,0.0,0.0,0.0104,0.0,0.0,0.0427,0.1422,0.0,0.4122,2.191,
2026-10-02 15:00:00,15,20.5,475.0,0.6256,0,0,1,1,2,2,0,1,0,0.0,0.0307,0.0004,0.0,0.1103,0.0,0.0,0.0045,0.0445,0.0064,0.0599,0.0005,0.0078,0.0,0.0001,0.0336,0.2988,0.0,0.6018,2.597,
2026-10-02 16:00:00,16,20.4,370.0,0.4835,0,0,1,0,1,2,0,1,0,0.0318,0.0306,0.0,0.0011,0.0,0.0,0.0,0.0,0.036,0.0032,0.0732,0.0002,0.0078,0.0,0.0023,0.0336,0.2199,0.0,0.5889,2.51,
2026-10-02 17:00:00,17,19.7,235.0,0.3068,0,1,1,0,2,2,0,1,0,0.0371,0.0444,0.0192,0.0002,0.2773,0.4826,0.01,0.0079,0.0799,0.0215,0.0877,0.0004,0.0122,0.0,0.0024,0.0499,1.1325,0.4735,2.1795,5.869,
2026-10-02 18:00:00,18,18.3,83.0,0.1109,0,1,1,1,3,2,0,1,0,0.0177,0.0391,0.0049,0.0047,0.9739,0.7258,0.0199,0.0174,0.0485,0.034,0.0959,0.017,0.0102,0.0,0.0,0.044,2.0529,0.4929,3.0969,6.361,
2026-10-02 19:00:00,19,16.3,1.0,0.0008,0,1,1,1,3,2,0,1,0,0.0659,0.0453,0.0128,0.0,0.1774,0.4512,0.0781,0.0635,0.0646,0.0455,0.0907,0.0323,0.0116,0.1754,0.0049,0.0451,1.3643,0.0,2.6193,6.137,
2026-10-02 20:00:00,20,14.6,0.0,0.0,0,1,1,1,3,2,0,1,0,0.3304,0.0479,0.0034,0.0,0.0,0.2148,0.0169,0.307,0.0659,0.0758,0.1177,0.0301,0.0118,0.216,0.0091,0.054,1.5008,0.3428,2.2608,4.717,
2026-10-02 21:00:00,21,13.6,0.0,0.0,0,1,1,1,3,2,0,1,0,0.4265,0.0475,0.0,0.0,0.0262,0.0,0.0011,0.0952,0.0648,0.0008,0.0961,0.0274,0.0131,0.2135,0.0049,0.0537,1.0707,0.4427,1.8907,3.729,
2026-10-02 22:00:00,22,12.9,0.0,0.0,0,1,1,2,3,2,0,1,0,0.004,0.0459,0.0,0.0003,0.0,0.0,0.0,0.0023,0.0815,0.0014,0.0,0.0006,0.0122,0.1585,0.0054,0.0514,0.3635,0.1395,0.4205,0.475,
2026-10-02 23:00:00,23,12.2,0.0,0.0,1,2,2,2,4,2,0,1,0,0.0,0.045,0.1222,0.0532,0.0071,0.1273,0.0001,0.0,0.0,0.0008,0.0,0.0,0.0121,0.1339,0.0016,0.0558,0.5591,0.3691,0.7101,3.702,
2026-10-03 00:00:00,0,11.6,0.0,0.0,1,2,2,2,4,0,0,0,1,0.0,0.0539,0.0012,0.0006,0.0,0.0,0.0011,0.0006,0.0001,0.0,0.0011,0.0,0.0145,0.1552,0.0,0.058,0.2863,0.0993,0.3073,0.856,
2026-10-03 01:00:00,1,10.9,0.0,0.0,2,2,2,2,4,0,0,0,1,0.0,0.0431,0.0003,0.0004,0.0,0.0028,0.0,0.0,0.0,0.0,0.0004,0.0,0.0125,0.0,0.0,0.0521,0.1115,0.0,0.1645,0.871,
2026-10-03 02:00:00,2,10.4,0.0,0.0,2,2,2,2,4,0,0,0,1,0.0,0.0555,0.0017,0.0007,0.0,0.0,0.0,0.0,0.0,0.0,0.0,0.0,0.0155,0.0,0.0,0.0704,0.1438,0.0,0.2068,1.077,
2026-10-03 03:00:00,3,9.8,0.0,0.0,2,2,2,2,4,0,0,0,1,0.1797,0.0461,0.0007,0.0,0.0003,0.0003,0.0,0.0,0.0,0.0001,0.0,0.0001,0.013,0.0,0.0,0.0602,0.3005,0.0,0.3635,1.521,
2026-10-03 04:00:00,4,9.3,0.0,0.0,2,2,2,2,4,0,0,0,1,0.3091,0.0436,0.0,0.0,0.0004,0.0,0.0,0.0008,0.0,0.0005,0.0015,0.0,0.0116,0.0,0.0,0.0561,0.4237,0.2717,0.5657,1.602,
2026-10-03 05:00:00,5,9.0,0.0,0.0,2,2,2,2,4,0,0,0,1,0.4913,0.0448,0.0006,0.0,0.0,0.0,0.0,0.0004,0.0,0.0004,0.0006,0.0,0.0121,0.0,0.0001,0.0552,0.6056,0.3516,0.7496,1.765,
2026-10-03 06:00:00,6,8.8,0.0,0.0,2,2,2,2,4,0,0,0,1,2.8496,0.0458,0.0047,0.0003,0.0,0.0,0.0129,0.0007,0.0001,0.0004,0.0005,0.0,0.0132,0.0,0.0076,0.0542,2.9898,2.2058,3.2668,3.096,
2026-10-03 07:00:00,7,8.9,0.0,0.0,2,2,2,2,4,0,0,0,1,1.2017,0.0448,0.0027,0.0,0.0008,0.0,0.0,0.0,0.0,0.0003,0.0001,0.0,0.0125,0.0,0.0144,0.0551,1.3324,0.7824,1.8244,2.663,
2026-10-03 08:00:00,8,9.7,66.0,0.0923,1,1,2,2,4,0,0,0,1,0.8038,0.0455,0.1658,0.355,0.0021,0.0833,0.0,0.0014,0.014,0.0,0.0,0.0,0.0125,0.0569,0.0036,0.0507,1.5947,1.1357,1.8327,6.617,
2026-10-03 09:00:00,9,11.7,218.0,0.2935,1,1,1,1,4,0,0,0,1,0.5788,0.0515,0.154,0.0125,0.0018,0.1857,0.0613,0.0,0.0321,0.0084,0.0012,0.0,0.0126,0.0005,0.0,0.0533,1.1537,0.8597,1.4907,5.61,
2026-10-03 10:00:00,10,14.3,357.0,0.4724,1,1,1,1,4,0,0,0,1,0.2999,0.0483,0.0,0.0,0.0026,0.0,0.0252,0.0007,0.0193,0.05,0.0828,0.0,0.0121,0.0,0.0,0.052,0.593,0.397,1.017,2.613,
2026-10-03 11:00:00,11,16.5,469.0,0.6166,1,1,1,1,4,0,0,0,1,0.0629,0.0501,0.0,0.0069,0.0022,0.014,0.0348,0.0042,0.0425,0.0458,0.1545,0.0003,0.0127,0.0,0.0,0.0519,0.4828,0.1398,0.5628,2.596,
2026-10-03 12:00:00,12,17.9,551.0,0.7279,1,1,1,1,4,0,0,0,1,0.0,0.0577,0.0315,0.0123,0.0033,0.1741,0.0217,0.0083,0.0343,0.0885,0.1194,0.0,0.0144,0.0,0.0,0.0499,0.6153,0.0063,1.3853,4.616,
2026-10-03 13:00:00,13,18.8,576.0,0.7584,1,1,1,1,4,0,0,0,1,0.0,0.046,0.0199,0.0291,0.0016,0.245,0.0153,0.0,0.0204,0.0667,0.1206,0.0,0.0121,0.0001,0.0,0.0434,0.6201,0.1341,1.0931,4.49,
2026-10-03 14:00:00,14,19.4,551.0,0.723,1,1,1,1,4,0,0,0,1,0.0,0.0485,0.0062,0.0061,0.0825,0.0568,0.0,0.0,0.0188,0.0646,0.1149,0.0001,0.0121,0.0001,0.0,0.0448,0.4555,0.0855,0.7255,3.388,
2026-10-03 15:00:00,15,19.6,471.0,0.6226,1,1,1,1,4,0,0,0,1,0.0,0.0466,0.0123,0.0012,0.107,0.0462,0.004,0.002,0.0279,0.0665,0.1033,0.0,0.012,0.0002,0.0,0.0489,0.478,0.0,0.781,3.456,
2026-10-03 16:00:00,16,19.4,367.0,0.4809,1,1,1,1,4,0,0,0,1,0.0035,0.0516,0.0207,0.0,0.161,0.0523,0.0,0.0,0.0319,0.0547,0.0726,0.0,0.0137,0.0,0.0046,0.0557,0.5223,0.1943,0.8913,3.509,
2026-10-03 17:00:00,17,18.7,233.0,0.3056,1,1,1,1,4,0,0,0,1,0.0212,0.0519,0.0337,0.001,0.1251,0.2847,0.0271,0.0,0.0652,0.0576,0.0801,0.0,0.0141,0.0,0.0106,0.0578,0.8301,0.1711,1.8771,5.884,
2026-10-03 18:00:00,18,17.4,81.0,0.1096,1,1,1,1,4,0,0,0,1,0.0,0.0452,0.0441,0.0023,0.6417,0.7432,0.0624,0.0,0.0257,0.0485,0.0477,0.0077,0.0108,0.0014,0.004,0.0528,1.7374,0.1774,2.7814,6.523,
2026-10-03 19:00:00,19,15.6,0.0,0.0,1,1,1,1,4,0,0,0,1,0.1449,0.0486,0.0257,0.0001,0.0,0.5596,0.0392,0.083,0.0509,0.0485,0.0778,0.0201,0.0123,0.1775,0.0081,0.0527,1.349,0.0,2.604,6.564,
2026-10-03 20:00:00,20,14.1,0.0,0.0,1,1,1,1,4,0,0,0,1,0.2867,0.0533,0.01,0.0013,0.0781,0.1932,0.0703,0.2737,0.0732,0.0958,0.1312,0.026,0.0134,0.2222,0.01,0.0598,1.598,0.44,2.358,5.127,
2026-10-03 21:00:00,21,13.3,0.0,0.0,1,1,1,1,4,0,0,0,1,0.4345,0.0549,0.0024,0.0,0.0285,0.0195,0.0027,0.2641,0.0681,0.0023,0.0863,0.0251,0.0137,0.2152,0.0055,0.0601,1.2829,0.6549,2.1029,3.996,
2026-10-03 22:00:00,22,12.8,0.0,0.0,1,1,1,1,4,0,0,0,1,0.034,0.0536,0.0022,0.0009,0.0064,0.0,0.0,0.0,0.0746,0.0,0.0,0.0014,0.0139,0.2183,0.0065,0.0573,0.4691,0.2451,0.5261,0.661,
2026-10-03 23:00:00,23,12.3,0.0,0.0,2,1,1,2,4,0,0,0,1,0.0,0.0506,0.0026,0.0012,0.0001,0.0068,0.001,0.0,0.0011,0.0004,0.0,0.0,0.0129,0.1859,0.0017,0.0622,0.3266,0.1366,0.4776,0.8,
2026-10-04 00:00:00,0,11.3,0.0,0.0,2,2,2,2,4,0,0,0,1,0.0,0.0368,0.0,0.0013,0.0,0.0026,0.0,0.0012,0.0,0.0006,0.0,0.0,0.0109,0.0006,0.0,0.0449,0.0989,0.0,0.1199,0.459,
2026-10-04 01:00:00,1,10.7,0.0,0.0,2,2,2,2,4,0,0,0,1,0.0,0.0425,0.0,0.0007,0.0,0.0019,0.0,0.0032,0.0,0.0,0.0003,0.0,0.0128,0.0005,0.0,0.055,0.1168,0.0,0.1698,0.812,
2026-10-04 02:00:00,2,10.3,0.0,0.0,2,2,2,2,4,0,0,0,1,0.0,0.0551,0.0,0.0005,0.0,0.0067,0.0051,0.0011,0.0,0.0,0.0,0.0,0.016,0.0006,0.0,0.0721,0.1572,0.0,0.2202,1.035,
2026-10-04 03:00:00,3,9.8,0.0,0.0,2,2,2,2,4,0,0,0,1,0.1844,0.0425,0.0,0.0,0.0004,0.0,0.0,0.0287,0.0,0.0,0.0,0.0001,0.0125,0.0002,0.0,0.0568,0.3258,0.0048,0.3888,1.437,
2026-10-04 04:00:00,4,9.3,0.0,0.0,2,2,2,2,4,0,0,0,1,0.3284,0.0423,0.0,0.0,0.0,0.0,0.0021,0.0009,0.0,0.0,0.0017,0.0,0.0122,0.0004,0.0,0.0561,0.4441,0.2921,0.5861,1.516,
2026-10-04 05:00:00,5,8.9,0.0,0.0,2,2,2,2,4,0,0,0,1,0.5178,0.0427,0.0,0.0,0.0,0.0,0.0,0.0,0.0,0.0,0.0,0.0,0.0124,0.0003,0.0,0.0543,0.6275,0.3735,0.7715,1.679,
2026-10-04 06:00:00,6,8.6,0.0,0.0,2,2,2,2,4,0,0,0,1,2.9847,0.042,0.0052,0.0003,0.0,0.0,0.0,0.0006,0.0,0.0,0.0,0.0,0.0128,0.0001,0.0035,0.053,3.1023,2.3183,3.3793,3.205,
2026-10-04 07:00:00,7,8.6,0.0,0.0,2,2,2,2,4,0,0,0,1,1.2907,0.0424,0.0,0.0,0.0,0.0,0.0,0.0007,0.0,0.0,0.0,0.0,0.0126,0.0002,0.011,0.0546,1.4121,0.8621,1.9041,2.744,
2026-10-04 08:00:00,8,9.0,60.0,0.0801,1,1,2,2,4,0,0,0,1,0.8135,0.0436,0.1931,0.3189,0.0,0.0994,0.0,0.0016,0.0121,0.0,0.001,0.0,0.011,0.0556,0.0045,0.0521,1.6066,1.1476,1.8446,6.541,
2026-10-04 09:00:00,9,10.1,204.0,0.26,1,1,1,1,4,0,0,0,1,0.5752,0.0505,0.1548,0.0204,0.0,0.1484,0.0491,0.0,0.0095,0.0,0.0004,0.0,0.0114,0.0001,0.0,0.0517,1.0714,0.7774,1.4084,5.672,
2026-10-04 10:00:00,10,11.7,325.0,0.3966,1,1,1,1,4,0,0,0,1,0.3884,0.0502,0.0,0.0,0.0,0.0185,0.0246,0.0,0.0261,0.037,0.0672,0.0012,0.0124,0.0004,0.0,0.0515,0.6775,0.4815,1.1015,2.701,
2026-10-04 11:00:00,11,13.7,407.0,0.4844,1,1,1,1,4,0,0,0,1,0.2598,0.0489,0.0082,0.0,0.0,0.0,0.0299,0.0008,0.0283,0.0478,0.1122,0.0001,0.0119,0.0,0.0,0.0532,0.601,0.258,0.681,2.764,
2026-10-04 12:00:00,12,15.6,445.0,0.5176,1,1,1,1,4,0,0,0,1,0.1077,0.0493,0.0306,0.0289,0.0,0.1438,0.298,0.0,0.0334,0.0593,0.0934,0.0007,0.0115,0.0,0.0001,0.0489,0.9056,0.2966,1.6756,5.0,
2026-10-04 13:00:00,13,17.1,439.0,0.4968,1,1,1,1,4,0,0,0,1,0.0451,0.0502,0.0178,0.042,0.0,0.1809,0.0234,0.0,0.0306,0.0538,0.0945,0.0026,0.0121,0.0002,0.0,0.0483,0.6016,0.1156,1.0746,4.576,
2026-10-04 14:00:00,14,18.0,395.0,0.43,1,1,1,1,4,0,0,0,1,0.0127,0.0508,0.0,0.0,0.0,0.0,0.012,0.0073,0.0518,0.0475,0.1057,0.0,0.0116,0.0003,0.0001,0.0538,0.3537,0.0,0.6237,3.477,
2026-10-04 15:00:00,15,18.0,262.0,0.2334,1,1,1,1,4,0,0,0,1,0.006,0.0576,0.0182,0.0012,0.0028,0.0053,0.0198,0.0098,0.0532,0.0496,0.0668,0.0009,0.0135,0.0004,0.0009,0.0601,0.3661,0.0,0.6691,3.582,
2026-10-04 16:00:00,16,17.5,191.0,0.1672,1,1,1,1,4,0,0,0,1,0.0354,0.0453,0.0384,0.0,0.113,0.1698,0.0,0.0043,0.0139,0.0226,0.0447,0.0,0.0114,0.0,0.0036,0.0514,0.5537,0.2257,0.9227,3.576,
2026-10-04 17:00:00,17,16.7,113.0,0.0977,1,1,1,1,4,0,0,0,1,0.0599,0.0547,0.0459,0.0035,0.082,0.3372,0.1243,0.0124,0.0579,0.0444,0.0746,0.005,0.0136,0.0,0.0082,0.0641,0.9877,0.3287,2.0347,5.94,
2026-10-04 18:00:00,18,15.7,35.0,0.03,1,1,1,1,4,0,0,0,1,0.1494,0.0439,0.0516,0.0004,0.6836,0.7768,0.0354,0.0328,0.0488,0.0089,0.0499,0.0,0.0106,0.0685,0.0048,0.0503,2.0158,0.4558,3.0598,6.859,
2026-10-04 19:00:00,19,14.7,0.0,0.0,1,1,1,1,4,0,0,0,1,0.2037,0.0483,0.0225,0.0,0.0028,0.1761,0.0509,0.4489,0.0694,0.0444,0.1307,0.026,0.0118,0.1896,0.0132,0.0548,1.4931,0.0,2.7481,6.711,
2026-10-04 20:00:00,20,13.9,0.0,0.0,1,1,1,1,4,0,0,0,1,0.2809,0.0468,0.0143,0.0006,0.1647,0.082,0.0211,0.1752,0.0597,0.0758,0.1539,0.0205,0.0117,0.2098,0.0156,0.0542,1.387,0.229,2.147,5.19,
2026-10-04 21:00:00,21,13.4,0.0,0.0,1,1,1,1,4,0,0,0,1,0.3244,0.0459,0.005,0.0001,0.0284,0.0014,0.0,0.2702,0.0625,0.0037,0.0857,0.021,0.0114,0.1962,0.0088,0.0517,1.1164,0.4884,1.9364,4.018,
2026-10-04 22:00:00,22,12.8,0.0,0.0,1,1,1,1,4,0,0,0,1,0.0133,0.05,0.005,0.0009,0.0077,0.0,0.0,0.0067,0.0647,0.0028,0.0026,0.0019,0.0122,0.2222,0.0081,0.0523,0.4506,0.2266,0.5076,0.732,
2026-10-04 23:00:00,23,12.3,0.0,0.0,2,1,1,2,4,0,0,0,1,0.0,0.0474,0.006,0.001,0.0033,0.0,0.0,0.0,0.0036,0.0008,0.0023,0.0007,0.0127,0.1847,0.0024,0.0566,0.3216,0.1316,0.4726,0.888,
