pv_kwp,annual_production_kwh,annual_demand_kwh,install_cost,annual_opex,self_consumption_kwh,export_kwh,grid_kwh,demand_covered_pct,grid_reduction_kwh,bill_saving,export_income,annual_savings,payback_years,self_consumption_kwh_with_shift,export_kwh_with_shift,grid_kwh_with_shift,demand_covered_pct_with_shift,grid_reduction_kwh_with_shift,bill_saving_with_shift,export_income_with_shift,annual_savings_with_shift,payback_years_with_shift
0.0,0.0,10751.577127071823,0.0,0.0,0.0,0.0,10751.577127071823,0.0,0.0,0.0,0.0,0.0,,0.0,0.0,10751.577127071823,0.0,0.0,97.1102504419891,0.0,97.1102504419891,
0.5,537.3808791436464,10751.577127071823,650.0,6.5,504.8098722375691,32.57100690607735,10246.767254834254,4.695216955347771,504.80987223757,144.89426174033173,2.605680552486188,140.9999422928179,4.609930964724295,504.35987361878455,33.02100552486188,10247.217253453038,4.691031535725458,504.35987361878585,241.7980613259669,2.6416804419889504,237.93974176795584,2.731784086047696
1.0,1074.7617582872929,10751.577127071823,1300.0,13.0,888.5643687845305,186.19738950276243,9863.012758287292,8.26450257746074,888.564368784532,255.67995911602225,14.895791160220995,257.57575027624324,5.047058966559484,908.843546961326,165.91821132596684,9842.733580110496,8.453118423648867,908.8435469613269,353.00582171270736,13.27345690607735,353.2792786187847,3.6798082386337727
1.5,1612.1426374309394,10751.577127071823,1950.0,19.5,1188.0547334254145,424.0879040055248,9563.522393646408,11.050050791469134,1188.054733425416,342.50297494475154,33.92703232044199,356.9300072651935,5.463255989433189,1241.387636049724,370.7550013812155,9510.1894910221,11.546098041039809,1241.3876360497245,444.4624540607735,29.66040011049724,454.6228541712707,4.289269626698911
2.0,2149.5235165745858,10751.577127071823,2600.0,26.0,1431.2736933701658,718.2498232044201,9320.303433701656,13.312220862614703,1431.2736933701674,413.160733646409,57.459985856353605,444.62071950276265,5.847680699423287,1507.1141395027623,642.4093770718232,9244.462987569063,14.017609897509267,1507.114139502762,519.355102071823,51.39275016574585,544.7478522375688,4.7728503918288405
2.5,2686.904395718232,10751.577127071823,3250.0,32.5,1628.8887769337016,1058.0156187845305,9122.688350138122,15.150231056169963,1628.8887769337016,470.78183372928174,84.64124950276245,522.9230832320442,6.215063178914653,1717.6507272099448,969.2536685082873,9033.926399861879,15.97580249770988,1717.6507272099448,579.1324890607739,77.54029348066298,624.1727825414368,5.206891570579246
3.0,3224.285274861879,10751.577127071823,3900.0,39.0,1796.2423356353593,1428.0429392265196,8955.334791436464,16.706779985910433,1796.2423356353606,519.74467,114.24343513812155,594.9881051381216,6.554752887193682,1892.3613549723757,1331.9239198895027,8859.215772099447,17.600779240168624,1892.361354972377,629.2283357458567,106.55391359116022,696.782249337017,5.597157510414222
3.5,3761.6661540055247,10751.577127071823,4550.0,45.5,1942.4794343922651,1819.1867196132596,8809.097692679557,18.066925544357755,1942.4794343922665,562.6698133977904,145.53493756906076,662.7047509668512,6.865802596649248,2041.3071167127073,1720.3590372928177,8710.270010359116,18.986117967500963,2041.3071167127086,672.3853106077352,137.62872298342543,764.5140335911606,5.951493105531671
4.0,4299.0470331491715,10751.577127071823,5200.0,52.0,2071.770450276243,2227.276582872928,8679.80667679558,19.269456246187826,2071.7704502762435,600.7634699447517,178.18212662983424,726.9455965745859,7.153217550945672,2171.82723480663,2127.2197983425417,8579.749892265194,20.20008050110248,2171.82723480663,710.1861060773479,170.17758386740334,828.3636899447512,6.277435941629481
4.5,4836.427912292817,10751.577127071823,5850.0,58.5,2188.676270027624,2647.751642265194,8562.9008570442,20.356792721289874,2188.676270027624,635.286946546962,211.8201313812155,788.6070779281774,7.4181429050435055,2289.6311864640884,2546.7967258287294,8461.945940607735,21.295770466073623,2289.6311864640898,744.6345398895028,203.74373806629833,889.8782779558011,6.573932800605523
5.0,5373.808791436464,10751.577127071823,6500.0,65.0,2295.7099488950284,3078.0988425414366,8455.867178176795,21.35230879862796,2295.7099488950294,666.9336988397791,246.2479074033149,848.181606243094,7.663453147482026,2397.039696132597,2976.7690953038677,8354.537430939226,22.294772830090157,2397.0396961325982,776.1002763812157,238.14152762430945,949.2418040055252,6.847570316195394
5.5,5911.189670580111,10751.577127071823,7150.0,71.5,2391.903480662984,3519.286189917127,8359.67364640884,22.247001090103467,2391.9034806629843,695.4537381215476,281.54289519337016,905.4966333149177,7.896219308761737,2492.8038487569065,3418.3858218232044,8258.773278314917,23.185471482878324,2492.8038487569074,804.2670521270722,273.4708657458564,1006.2379178729286,7.105675380544473
6.0,6448.570549723758,10751.577127071823,7800.0,78.0,2480.0052044198897,3968.565345303867,8271.571922651934,23.066431790508073,2480.00520441989,721.6165872375692,317.48522762430935,961.1018148618787,8.115685434556118,2579.9853591160218,3868.5851906077346,8171.591767955802,23.996343314319663,2579.9853591160218,829.9415473756909,309.48681524861877,1061.4283626243096,7.348588255843314
6.5,6985.951428867404,10751.577127071823,8450.0,84.5,2561.645419889503,4424.306008977901,8189.931707182321,23.825764254059383,2561.6454198895035,745.9123665745859,353.94448071823206,1015.356847292818,8.322197287120979,2662.022335635359,4323.929093232044,8089.554791436464,24.75936603693747,2662.0223356353595,853.8741597790057,345.91432745856355,1115.2884872375694,7.57651504224669
7.0,7523.3323080110495,10751.577127071823,9100.0,91.0,2637.597584254144,4885.734723756906,8113.97954281768,24.53219237587788,2637.597584254144,768.5834522651935,390.85877790055247,1068.442230165746,8.517072559541502,2737.1358066298344,4786.196501381216,8014.441320441989,25.457993504393798,2737.135806629835,876.1711164364644,382.8957201104972,1168.0668365469617,7.790650085487757
7.5,8060.713187154695,10751.577127071823,9750.0,97.5,2707.8382548342543,5352.874932320442,8043.738872237569,25.18549811651428,2707.838254834255,789.604024088398,428.2299945856354,1120.3340186740334,8.702761709886817,2807.3798549723756,5253.33333218232,7944.197272099448,26.11133066146698,2807.379854972376,896.8778588397792,420.2666665745856,1219.6445254143648,7.994132549963697
8.0,8598.094066298343,10751.577127071823,10400.0,104.0,2773.3735511049726,5824.72051519337,7978.2035759668515,25.795039354010537,2773.3735511049726,809.2650818232046,465.97764121546965,1171.2427230386743,8.879457515875293,2872.772428176796,5725.321638121547,7878.804698895027,26.719544437283787,2872.772428176797,916.2655537569063,458.02573104972373,1270.29128480663,8.1870986004467
8.5,9135.474945441989,10751.577127071823,11050.0,110.5,2834.5330821823204,6300.941863259669,7917.044044889502,26.363881769913892,2834.533082182322,827.6493756077354,504.07534906077353,1221.2247246685088,9.048293714327992,2933.0137120165746,6202.461233425415,7818.563415055248,27.2798462714035,2933.013712016577,934.3231664917132,496.19689867403326,1320.0200651657465,8.371084873329195
9.0,9672.855824585635,10751.577127071823,11700.0,117.0,2891.558232044199,6781.297592541436,7860.018895027624,26.89427046719899,2891.5582320442004,844.8399379005526,542.5038074033149,1270.3437453038675,9.210105566506606,2989.5808977900556,6683.274926795581,7761.996229281769,27.80597546254373,2989.5808977900556,951.1752810220996,534.6619941436466,1368.8372751657462,8.54740020035128
9.5,10210.236703729282,10751.577127071823,12350.0,123.5,2944.966604972376,7265.270098756906,7806.610522099448,27.391019663125768,2944.966604972376,860.9499247513816,581.2216079005525,1318.671532651934,9.365486168616492,3042.0428922651936,7168.193811464089,7709.534234806631,28.293922429347713,3042.042892265194,966.9568445027625,573.4555049171271,1416.9123494198896,8.716135479415026
10.0,10747.617582872928,10751.577127071823,13000.0,130.0,2995.88773480663,7751.7298480662985,7755.689392265194,27.864635107933747,2995.88773480663,876.3118672928177,620.1383878453039,1366.4502551381215,9.513701615640558,3092.8873922651937,7654.730190607735,7658.6897348066295,28.766825143052635,3092.8873922651946,982.0807021823208,612.3784152486187,1464.4591174309394,8.876997551700551
10.5,11284.998462016576,10751.577127071823,13650.0,136.5,3043.8092099447517,8241.189252071823,7707.767917127072,28.310350881273248,3043.809209944752,890.7650788121551,659.2951401657458,1413.560218977901,9.656468692837059,3141.8142306629834,8143.184231353592,7609.76289640884,29.22189176090347,3141.8142306629848,996.324131464089,651.4547385082874,1511.2788699723765,9.032085521217866
11.0,11822.379341160222,10751.577127071823,14300.0,143.0,3088.2800234806627,8734.099317679558,7663.297103591161,28.723972185481134,3088.2800234806627,904.172998895028,698.7279454143647,1459.9009443093928,9.795185115634421,3186.0616077348072,8636.317733425416,7565.515519337017,29.633434891263494,3186.0616077348063,1009.5513725138122,690.9054186740332,1557.4567911878453,9.181635138072522
11.5,12359.760220303866,10751.577127071823,14950.0,149.5,3130.3841346685085,9229.37608563536,7621.192992403315,29.115580883351424,3130.3841346685094,916.8848478453041,738.3500868508288,1505.7349346961328,9.928706344996245,3227.9496933701657,9131.810526933701,7523.627433701659,30.023034343886003,3227.949693370165,1022.0561071546963,730.5448421546961,1603.1009493093925,9.325675969713812
12.0,12897.141099447515,10751.577127071823,15600.0,156.0,3170.3566256906074,9726.784473756907,7581.220501381215,29.487363465103556,3170.3566256906083,928.9761403314924,778.1427579005525,1551.118898232045,10.05725609931049,3267.821708563536,9629.319390883977,7483.755418508287,30.39388240386945,3267.8217085635365,1033.981897348067,770.3455512707181,1648.3274486187852,9.464138944644773
12.5,13434.521978591161,10751.577127071823,16250.0,162.5,3208.185800414365,10226.336178176794,7543.391326657459,29.839211145463917,3208.1858004143646,940.4410484530389,818.1068942541436,1596.0479427071825,10.18139841866974,3305.7022051104977,10128.819773480664,7445.874921961326,30.746207426508047,3305.702205110498,1045.3200395580116,810.305581878453,1693.1256214364646,9.597633981944789
13.0,13971.902857734807,10751.577127071823,16900.0,169.0,3244.085415745856,10727.81744198895,7507.491711325967,30.1731120690884,3244.085415745857,951.3420376243101,858.225395359116,1640.567432983426,10.301313838265576,3342.1779558011053,10629.724901933701,7409.399171270718,31.08546696266264,3342.177955801106,1056.0871987569064,850.3779921546962,1737.4651909116028,9.726813572094075
13.5,14509.283736878455,10751.577127071823,17550.0,175.5,3278.737578038674,11230.54615883978,7472.83954903315,30.49541048059833,3278.7375780386737,961.8522327900553,898.4436927071823,1684.7959254972375,10.416691858285704,3377.097515883978,11132.186220994476,7374.479611187845,31.41025243060062,3377.0975158839788,1066.4421902762435,890.574897679558,1781.5170879558016,9.851154456305393
14.0,15046.664616022099,10751.577127071823,18200.0,182.0,3311.698640883978,11734.965975138124,7439.878486187846,30.801980042028624,3311.698640883979,971.8732150276245,938.7972780110499,1728.6704930386745,10.528322241451496,3409.8090276243092,11636.855588397792,7341.768099447515,31.714500926925556,3409.8090276243092,1076.2752378453044,930.9484470718234,1825.2236849171277,9.971380576746323
14.5,15584.045495165745,10751.577127071823,18850.0,188.5,3343.5456470994473,12240.499848066298,7408.031479972376,31.098187806146143,3343.5456470994486,981.5751832320448,979.239987845304,1772.3151710773486,10.63580581355715,3442.2193135359116,12141.826181629836,7309.357813535911,32.0159477335526,3442.2193135359125,1085.799447016575,971.346094530387,1868.6455415469618,10.087520388909601
15.0,16121.42637430939,10751.577127071823,19500.0,195.0,3373.7981477900553,12747.628226519337,7377.7789792817675,31.379565136495508,3373.798147790056,990.8137748618788,1019.810258121547,1815.6240329834259,10.740108990492752,3472.405720994475,12649.020653314916,7279.171406077348,32.29671033332558,3472.405720994476,1094.8984352209948,1011.9216522651932,1911.8200874861877,10.199704526402451
