timestamp,outdoor_temp_c,radiation_w_m2,gti_w_m2,cloud_cover_pct,marek_home,ania_home,kuba_home,zosia_home,school_day,holiday,home_office,marek_shift,people_home,people_awake,kids_home,heat_pump_kwh,refrigerator_kwh,kettle_kwh,coffee_machine_kwh,oven_kwh,hob_kwh,washing_machine_kwh,dishwasher_kwh,tv_kwh,gaming_console_kwh,desktop_computer_kwh,laptop_kwh,wifi_router_kwh,lighting_kwh,charging_kwh,standby_kwh,indoor_temp_c,total_consumption_kwh,peak_kw
2026-09-28 00:00:00,13.7,0.0,0.0,0,2,2,2,2,1,0,0,2,4,0,2,0.0,0.0467,0.0,0.0,0.0,0.0,0.0,0.0,0.0,0.0,0.0,0.0,0.0099,0.0,0.0,0.0497,20.38,0.1063,0.1063
2026-09-28 01:00:00,13.4,0.0,0.0,0,2,2,2,2,1,0,0,2,4,0,2,0.0,0.0491,0.0,0.0,0.0,0.0,0.0,0.0,0.0,0.0,0.0,0.0,0.0147,0.0,0.0,0.0686,20.21,0.1324,0.1324
2026-09-28 02:00:00,12.9,0.0,0.0,0,2,2,2,2,1,0,0,2,4,0,2,0.0,0.0478,0.0,0.0,0.0,0.0,0.0,0.0,0.0,0.0,0.0,0.0,0.0147,0.0,0.0,0.038,20.02,0.1005,0.101
2026-09-28 03:00:00,12.4,0.0,0.0,0,2,2,2,2,1,0,0,2,4,0,2,0.0,0.0469,0.0,0.0,0.0,0.0,0.0,0.0,0.0,0.0,0.0,0.0,0.0147,0.0,0.0,0.0659,19.82,0.1275,0.1275
2026-09-28 04:00:00,12.0,0.0,0.0,0,2,2,2,2,1,0,0,2,4,0,2,0.0,0.0476,0.0,0.0,0.0,0.0,0.0,0.0,0.0,0.0,0.0,0.0,0.0099,0.0,0.0,0.0604,19.62,0.1179,0.118
2026-09-28 05:00:00,11.6,0.0,0.0,0,2,2,2,2,1,0,0,2,4,0,2,0.1184,0.0512,0.0,0.0,0.0,0.0,0.0,0.0,0.0,0.0,0.0,0.0,0.0112,0.0,0.0,0.0429,19.47,0.2237,1.605
2026-09-28 06:00:00,11.1,0.0,0.0,0,2,1,1,1,1,0,0,2,4,3,2,2.1435,0.0525,0.1122,0.1264,0.0,0.0,0.0,0.0,0.0,0.0,0.0,0.0,0.0122,0.2191,0.0,0.0506,20.3,2.7165,5.91
2026-09-28 07:00:00,11.1,3.0,2.8,0,2,1,1,1,1,0,0,2,4,3,2,1.106,0.0527,0.0,0.0,0.0,0.0,0.6889,0.0,0.0,0.0,0.0,0.0,0.014,0.1987,0.0119,0.0609,20.6,2.1331,3.883
2026-09-28 08:00:00,12.0,81.0,100.9,0,1,0,0,0,1,0,0,2,1,1,0,0.6999,0.0548,0.1174,0.0,0.0,0.4028,0.0,0.0,0.078,0.0,0.0,0.0,0.0117,0.0,0.0059,0.0667,20.71,1.4372,4.019
2026-09-28 09:00:00,13.7,217.0,291.7,0,1,0,0,0,1,0,0,2,1,1,0,0.4904,0.0501,0.0,0.0,0.0,0.0,0.0,0.0,0.106,0.0,0.0,0.0,0.0111,0.0,0.0,0.036,20.78,0.6936,1.83
2026-09-28 10:00:00,15.9,356.0,494.3,0,1,0,0,0,1,0,0,2,1,1,0,0.2815,0.0498,0.0,0.0,0.0,0.0,0.0,0.0,0.0814,0.0,0.0,0.0,0.0146,0.0,0.0,0.0337,20.86,0.461,1.809
2026-09-28 11:00:00,18.0,472.0,663.6,0,1,0,0,0,1,0,0,2,1,1,0,0.1136,0.0529,0.0,0.0,0.0,0.0,0.0,0.0,0.0719,0.0,0.0,0.0,0.0126,0.0,0.0,0.0609,20.93,0.3119,1.789
2026-09-28 12:00:00,19.6,548.0,776.1,0,1,0,0,0,1,0,0,2,1,1,0,0.0,0.0566,0.0,0.0,0.0,0.0,0.0,0.0,0.0764,0.0,0.0,0.0,0.0103,0.0,0.0,0.0622,21.0,0.2055,0.307
2026-09-28 13:00:00,20.6,578.0,820.3,0,1,0,0,0,1,0,0,2,1,1,0,0.0,0.0481,0.0,0.1636,0.0,0.0,0.0,0.0,0.0,0.0,0.0,0.0,0.0144,0.0,0.0,0.0608,21.11,0.2869,1.503
2026-09-28 14:00:00,21.3,557.0,789.8,0,0,0,0,1,1,0,0,2,1,1,1,0.0,0.0517,0.0,0.0,0.0,0.0,0.0,0.0,0.0,0.0,0.0,0.0,0.0147,0.0,0.0,0.066,21.23,0.1324,0.1324
2026-09-28 15:00:00,21.5,488.0,687.9,0,0,0,1,1,1,0,0,2,2,2,2,0.0,0.053,0.0,0.0,0.0,0.0,0.0,0.0,0.0,0.0,0.0,0.0,0.0143,0.0,0.0,0.0433,21.35,0.1106,0.111
2026-09-28 16:00:00,21.5,378.0,526.5,0,0,0,0,1,1,0,0,2,1,1,1,0.0,0.0528,0.0,0.0,0.0,0.0,0.0,0.0,0.0,0.0,0.0,0.0,0.0132,0.0,0.0,0.0502,21.43,0.1162,0.1162
2026-09-28 17:00:00,21.1,240.0,325.8,0,0,1,0,1,1,0,0,2,2,2,1,0.0,0.0536,0.0,0.0,0.0,0.0,0.0,0.0,0.1284,0.0502,0.0,0.0,0.0093,0.0,0.0,0.0502,21.49,0.2917,0.537
2026-09-28 18:00:00,20.2,100.0,127.1,0,0,1,1,1,1,0,0,2,3,3,2,0.0,0.0532,0.0,0.0,0.3745,0.4088,0.0,0.0,0.0,0.0,0.1046,0.0,0.0101,0.0,0.0,0.0522,21.5,1.0034,4.599
2026-09-28 19:00:00,18.7,7.0,7.8,0,0,1,1,1,1,0,0,2,3,3,2,0.0,0.0507,0.0,0.0,1.7739,1.326,0.0,0.0,0.0704,0.0,0.0716,0.0,0.0098,0.1883,0.0118,0.0694,21.44,3.5719,5.097
2026-09-28 20:00:00,17.5,0.0,0.0,0,0,1,1,1,1,0,0,2,3,3,2,0.0,0.0534,0.0,0.0,0.0,0.0,0.0,0.0,0.0798,0.1886,0.0,0.0743,0.0088,0.2158,0.0231,0.0331,21.35,0.6769,1.066
2026-09-28 21:00:00,16.5,0.0,0.0,0,0,1,1,1,1,0,0,2,3,3,2,0.0,0.0512,0.0,0.0,0.0,0.0,0.0,0.0,0.0464,0.0,0.0,0.0335,0.0146,0.2107,0.0086,0.0317,21.23,0.3967,0.559
2026-09-28 22:00:00,15.8,0.0,0.0,0,0,1,1,2,1,0,0,2,3,2,2,0.0,0.0562,0.0,0.0,0.0,0.0,0.0,0.0,0.0,0.0,0.0,0.0,0.0107,0.1488,0.0103,0.0559,21.09,0.2819,0.292
2026-09-28 23:00:00,15.4,0.0,0.0,0,1,2,2,2,1,0,0,2,4,1,2,0.0,0.049,0.1239,0.0,0.0,0.0,0.0,0.0,0.0,0.0,0.0,0.0,0.01,0.1184,0.0052,0.0495,20.95,0.356,2.242
2026-09-29 00:00:00,14.8,0.0,0.0,0,1,2,2,2,1,0,1,2,4,1,2,0.0,0.0357,0.0,0.0,0.0,0.0,0.0,0.0,0.0,0.0,0.0,0.0,0.0116,0.1107,0.0,0.0603,20.8,0.2183,0.2183
2026-09-29 01:00:00,14.2,0.0,0.0,0,2,2,2,2,1,0,1,2,4,0,2,0.0,0.0362,0.0,0.0,0.0,0.0,0.0,0.0,0.0,0.0,0.0,0.0,0.0091,0.0,0.0,0.0603,20.63,0.1056,0.106
2026-09-29 02:00:00,13.6,0.0,0.0,0,2,2,2,2,1,0,1,2,4,0,2,0.0,0.0376,0.0,0.0,0.0,0.0,0.0,0.0,0.0,0.0,0.0,0.0,0.0139,0.0,0.0,0.052,20.45,0.1035,0.104
2026-09-29 03:00:00,13.0,0.0,0.0,0,2,2,2,2,1,0,1,2,4,0,2,0.0,0.0364,0.0,0.0,0.0,0.0,0.0,0.0,0.0,0.0,0.0,0.0,0.009,0.0,0.0,0.0626,20.26,0.108,0.108
2026-09-29 04:00:00,12.6,0.0,0.0,0,2,2,2,2,1,0,1,2,4,0,2,0.0,0.0348,0.0,0.0,0.0,0.0,0.0,0.0,0.0,0.0,0.0,0.0,0.0118,0.0,0.0,0.0667,20.06,0.1133,0.1133
2026-09-29 05:00:00,12.2,0.0,0.0,0,2,2,2,2,1,0,1,2,4,0,2,0.0,0.035,0.0,0.0,0.0,0.0,0.0,0.0,0.0,0.0,0.0,0.0,0.0101,0.0,0.0,0.0626,19.85,0.1077,0.108
2026-09-29 06:00:00,11.8,0.0,0.0,0,2,1,1,1,1,0,1,2,4,3,2,0.4161,0.0387,0.0,0.1562,0.0,0.0,0.0,0.0,0.0,0.0,0.0,0.0,0.0113,0.1718,0.0174,0.0527,19.86,0.8642,1.809
2026-09-29 07:00:00,11.8,2.0,1.9,0,2,1,1,1,1,0,1,2,4,3,2,0.4171,0.0392,0.0,0.0,0.0,0.0,0.0,0.0,0.0,0.0,0.0,0.0,0.014,0.1985,0.0319,0.0568,19.86,0.7575,1.864
2026-09-29 08:00:00,12.7,80.0,100.8,0,1,1,0,0,1,0,1,2,2,2,0,0.3967,0.0363,0.1227,0.1331,0.0,0.4583,0.0,0.0,0.0,0.0,0.0,0.042,0.0095,0.0,0.0116,0.0492,19.86,1.2594,7.035
2026-09-29 09:00:00,13.8,219.0,295.1,0,1,1,0,0,1,0,1,2,2,2,0,0.3505,0.036,0.0,0.0,0.0,0.0,0.0,0.0,0.0,0.0,0.0,0.0288,0.0099,0.0,0.0,0.0666,19.92,0.4918,1.708
2026-09-29 10:00:00,15.6,361.0,502.1,0,1,1,0,0,1,0,1,2,2,2,0,0.3039,0.0347,0.0,0.0,0.0,0.0,0.0,0.0,0.0,0.0,0.0,0.0686,0.0125,0.0,0.0,0.0501,20.04,0.4698,1.738
2026-09-29 11:00:00,18.0,477.0,671.8,0,1,1,0,0,1,0,1,2,2,2,0,0.2371,0.0373,0.0,0.0,0.0,0.0,0.9711,0.0,0.0454,0.0,0.0,0.0,0.0087,0.0,0.0,0.0444,20.22,1.344,4.197
2026-09-29 12:00:00,19.5,554.0,785.5,0,1,1,0,0,1,0,1,2,2,2,0,0.1876,0.0358,0.0,0.0,0.0,0.0,0.0,0.0,0.065,0.0,0.0,0.0612,0.0138,0.0,0.0,0.0374,20.42,0.4008,1.792
2026-09-29 13:00:00,20.5,582.0,828.6,0,1,1,0,0,1,0,1,2,2,2,0,0.1218,0.0387,0.0,0.0,0.0,0.0,0.0,0.0,0.0,0.0,0.0,0.0424,0.0113,0.0,0.0,0.0611,20.62,0.2753,1.654
2026-09-29 14:00:00,21.0,558.0,794.0,0,0,1,0,1,1,0,1,2,2,2,1,0.0656,0.037,0.0,0.0,0.0,0.0,0.0,0.0,0.0,0.0,0.0,0.0483,0.0086,0.0,0.0,0.0549,20.79,0.2144,1.709
2026-09-29 15:00:00,21.3,487.0,690.7,0,0,1,1,1,1,0,1,2,3,3,2,0.0184,0.0376,0.0,0.0,0.0,0.0,0.0,0.0,0.0,0.0935,0.0922,0.0274,0.0137,0.0,0.0,0.0391,20.94,0.3219,2.131
2026-09-29 16:00:00,21.1,374.0,525.4,0,0,1,1,0,1,0,1,2,2,2,1,0.0,0.0378,0.1021,0.0,0.0,0.0,0.0,0.0,0.0492,0.0902,0.0891,0.0,0.0106,0.0,0.0,0.0359,21.04,0.4149,2.723
2026-09-29 17:00:00,20.6,236.0,323.2,0,0,1,1,0,1,0,1,2,2,2,1,0.0,0.0377,0.0,0.0,0.0,0.3774,0.0,0.0,0.1191,0.1311,0.0,0.0,0.0112,0.0,0.0124,0.0457,21.09,0.7346,3.74
2026-09-29 18:00:00,19.7,95.0,122.9,0,0,1,1,1,1,0,1,2,3,3,2,0.0,0.0353,0.0,0.0,0.0,1.5188,0.0,0.0,0.0,0.1305,0.1865,0.0,0.0149,0.0,0.0209,0.0341,21.09,1.941,4.103
2026-09-29 19:00:00,18.3,6.0,7.0,0,0,0,1,1,1,0,1,2,2,2,2,0.0,0.0366,0.0,0.0,0.0,0.0,0.0,0.0,0.0,0.1173,0.1256,0.0,0.0139,0.1514,0.0073,0.0647,21.03,0.5168,0.984
2026-09-29 20:00:00,17.2,0.0,0.0,0,0,0,1,1,1,0,1,2,2,2,2,0.0231,0.0352,0.0,0.0,0.0,0.0,0.0,0.0,0.1088,0.0,0.0941,0.0,0.0126,0.1564,0.0042,0.0585,20.94,0.4929,2.109
2026-09-29 21:00:00,16.3,0.0,0.0,0,0,0,1,1,1,0,1,2,2,2,2,0.0624,0.0377,0.0,0.0,0.0,0.0,0.0,0.0,0.0,0.0,0.1945,0.0,0.0134,0.147,0.0021,0.0431,20.85,0.5002,2.211
2026-09-29 22:00:00,15.6,0.0,0.0,0,0,0,1,2,1,0,1,2,2,1,2,0.0,0.0367,0.0,0.0,0.0,0.0,0.0,0.0,0.0649,0.0,0.0,0.0,0.0091,0.1233,0.0,0.0497,20.7,0.2837,0.381
2026-09-29 23:00:00,15.3,0.0,0.0,0,1,2,2,2,1,0,1,2,4,1,2,0.0,0.0342,0.1434,0.1617,0.0,0.4981,0.0,0.0,0.0,0.0,0.0,0.0,0.0124,0.1046,0.0,0.0306,20.57,0.985,6.007
2026-09-30 00:00:00,14.7,0.0,0.0,0,1,2,2,2,1,0,0,2,4,1,2,0.0,0.0436,0.0,0.0,0.0,0.0,0.0,0.0,0.0,0.0,0.0,0.0,0.0141,0.1196,0.0,0.0647,20.43,0.242,0.242
2026-09-30 01:00:00,14.1,0.0,0.0,0,2,2,2,2,1,0,0,2,4,0,2,0.0,0.0498,0.0,0.0,0.0,0.0,0.0,0.0,0.0,0.0,0.0,0.0,0.0094,0.0,0.0,0.0415,20.27,0.1007,0.101
2026-09-30 02:00:00,13.4,0.0,0.0,0,2,2,2,2,1,0,0,2,4,0,2,0.0,0.043,0.0,0.0,0.0,0.0,0.0,0.0,0.0,0.0,0.0,0.0,0.0121,0.0,0.0,0.0508,20.1,0.1059,0.106
2026-09-30 03:00:00,12.9,0.0,0.0,0,2,2,2,2,1,0,0,2,4,0,2,0.0,0.0433,0.0,0.0,0.0,0.0,0.0,0.0,0.0,0.0,0.0,0.0,0.0129,0.0,0.0,0.0489,19.91,0.1051,0.1051
2026-09-30 04:00:00,12.4,0.0,0.0,0,2,2,2,2,1,0,0,2,4,0,2,0.0,0.0446,0.0,0.0,0.0,0.0,0.0,0.0,0.0,0.0,0.0,0.0,0.0098,0.0,0.0,0.0627,19.72,0.1171,0.1171
2026-09-30 05:00:00,11.9,0.0,0.0,0,2,2,2,2,1,0,0,2,4,0,2,0.0,0.0477,0.0,0.0,0.0,0.0,0.0,0.0,0.0,0.0,0.0,0.0,0.0094,0.0,0.0,0.0341,19.51,0.0912,0.0912
2026-09-30 06:00:00,11.4,0.0,0.0,0,2,1,1,1,1,0,0,2,4,3,2,0.651,0.0502,0.1406,0.1415,0.0,0.0,0.0,0.0,0.0,0.0,0.0,0.0,0.0145,0.1961,0.0,0.0558,19.64,1.2497,4.964
2026-09-30 07:00:00,11.3,2.0,1.9,0,2,1,1,1,1,0,0,2,4,3,2,0.6816,0.0541,0.0,0.0,0.0,0.0,0.0,0.0,0.0,0.0,0.0,0.0,0.0122,0.172,0.0,0.0502,19.74,0.9701,1.789
2026-09-30 08:00:00,12.1,75.0,96.1,0,1,0,1,0,1,0,0,2,2,2,1,0.6066,0.0504,0.0,0.1174,0.0,0.4399,0.0,0.0,0.0,0.0,0.0,0.0,0.008,0.0654,0.0,0.0508,19.84,1.3385,4.998
2026-09-30 09:00:00,13.6,211.0,287.7,6,1,0,1,0,1,0,0,2,2,2,1,0.5496,0.0496,0.0,0.0,0.0,0.0,0.0,0.0,0.0,0.0,0.0,0.0,0.0094,0.0,0.0,0.0471,19.97,0.6557,1.606
2026-09-30 10:00:00,15.8,347.0,485.9,79,1,0,1,0,1,0,0,2,2,2,1,0.407,0.0531,0.0,0.0,0.0,0.0,0.0,0.0,0.0,0.0,0.0,0.0,0.0141,0.0,0.0,0.0376,20.15,0.5118,1.605
2026-09-30 11:00:00,18.0,459.0,649.8,21,1,0,1,0,1,0,0,2,2,2,1,0.2852,0.0498,0.0,0.0,0.0,0.0,0.0,0.0,0.0,0.0,0.0,0.0,0.009,0.0,0.0,0.0609,20.36,0.4049,1.62
2026-09-30 12:00:00,19.9,536.0,765.2,45,1,0,1,0,1,0,0,2,2,2,1,0.1824,0.0509,0.0,0.0,0.0,0.0,0.0,0.0,0.1127,0.0,0.0,0.0,0.0125,0.0,0.0,0.0678,20.57,0.4263,1.889
2026-09-30 13:00:00,21.2,562.0,803.2,33,1,0,1,0,1,0,0,2,2,2,1,0.0923,0.0519,0.0,0.0,0.0,0.0,0.0,0.0,0.0669,0.0,0.0,0.0,0.0146,0.0,0.0,0.0381,20.77,0.2638,1.786
2026-09-30 14:00:00,22.0,540.0,771.7,9,0,0,1,1,1,0,0,2,2,2,2,0.0222,0.0534,0.0,0.0,0.0,0.0,0.0,0.0,0.0,0.0,0.0,0.0,0.0144,0.0,0.0,0.0603,20.95,0.1503,1.628
2026-09-30 15:00:00,22.3,471.0,670.0,0,0,0,1,1,1,0,0,2,2,2,2,0.0,0.0532,0.0,0.0,0.0,0.0,0.0,0.0,0.0,0.0,0.2403,0.0,0.0136,0.0,0.0,0.056,21.1,0.3631,0.613
2026-09-30 16:00:00,22.3,361.0,508.9,88,0,0,1,1,1,0,0,2,2,2,2,0.0,0.0498,0.0,0.0,0.0,0.0,0.0,0.0,0.0,0.0,0.1105,0.0,0.0127,0.0,0.0,0.065,21.22,0.238,0.434
2026-09-30 17:00:00,21.4,220.0,296.0,80,0,1,1,1,1,0,0,2,3,3,2,0.0,0.057,0.0,0.0,0.0,0.0,0.0,0.0,0.097,0.0,0.0833,0.0,0.0086,0.0,0.0,0.0665,21.3,0.3124,0.613
2026-09-30 18:00:00,19.3,88.5,121.5,10,0,1,1,1,1,0,0,2,3,3,2,0.0,0.0503,0.1405,0.0,1.3397,1.7299,0.0,0.0,0.0781,0.1214,0.0819,0.0,0.0139,0.0,0.0119,0.0628,21.28,3.6304,7.73
2026-09-30 19:00:00,16.9,4.0,5.4,1,0,1,1,1,1,0,0,2,3,3,2,0.0,0.0542,0.0,0.0,0.0,0.1456,0.0,0.0,0.0513,0.1147,0.0854,0.0,0.014,0.1967,0.0059,0.0391,21.18,0.7069,3.754
2026-09-30 20:00:00,15.1,0.0,0.0,0,0,1,1,1,1,0,0,2,3,3,2,0.0,0.0546,0.0,0.0,0.0,0.0,0.0,1.0822,0.0474,0.1013,0.1928,0.0,0.0084,0.1898,0.0,0.0416,21.02,1.7181,3.28
2026-09-30 21:00:00,14.5,0.0,0.0,75,0,1,1,1,1,0,0,2,3,3,2,0.0651,0.0516,0.0,0.0,0.0,0.0,0.0,0.0,0.0803,0.0,0.1873,0.0405,0.0125,0.21,0.0,0.0643,20.88,0.7116,2.515
2026-09-30 22:00:00,13.7,0.0,0.0,100,0,1,1,2,1,0,0,2,3,2,2,0.0,0.0517,0.0,0.0,0.0,0.0,0.0,0.0,0.0592,0.0,0.0,0.0,0.0122,0.1653,0.0072,0.0383,20.68,0.3339,0.488
2026-09-30 23:00:00,13.1,0.0,0.0,100,1,2,2,2,1,0,0,2,4,1,2,0.0,0.048,0.1448,0.0,0.0,0.0,0.0,0.0,0.0,0.0,0.0,0.0,0.0133,0.1277,0.0036,0.0528,20.49,0.3902,2.253
2026-10-01 00:00:00,12.6,0.0,0.0,100,1,2,2,2,1,0,1,2,4,1,2,0.0,0.0385,0.0,0.0,0.0,0.0,0.0,0.0,0.0,0.0,0.0,0.0,0.0146,0.1023,0.0,0.0367,20.28,0.1921,0.1921
2026-10-01 01:00:00,12.0,0.0,0.0,100,2,2,2,2,1,0,1,2,4,0,2,0.0,0.0376,0.0,0.0,0.0,0.0,0.0,0.0,0.0,0.0,0.0,0.0,0.0099,0.0,0.0,0.0581,20.06,0.1056,0.106
2026-10-01 02:00:00,11.4,0.0,0.0,100,2,2,2,2,1,0,1,2,4,0,2,0.0,0.0381,0.0,0.0,0.0,0.0,0.0,0.0,0.0,0.0,0.0,0.0,0.0136,0.0,0.0,0.0579,19.83,0.1096,0.11
2026-10-01 03:00:00,10.9,0.0,0.0,100,2,2,2,2,1,0,1,2,4,0,2,0.0,0.0361,0.0,0.0,0.0,0.0,0.0,0.0,0.0,0.0,0.0,0.0,0.0143,0.0,0.0,0.0484,19.59,0.0988,0.099
2026-10-01 04:00:00,10.5,0.0,0.0,100,2,2,2,2,1,0,1,2,4,0,2,0.112,0.0392,0.0,0.0,0.0,0.0,0.0,0.0,0.0,0.0,0.0,0.0,0.0099,0.0,0.0,0.0621,19.4,0.2232,1.611
2026-10-01 05:00:00,10.2,0.0,0.0,98,2,2,2,2,1,0,1,2,4,0,2,0.2834,0.0369,0.0,0.0,0.0,0.0,0.0,0.0,0.0,0.0,0.0,0.0,0.0087,0.0,0.0,0.0379,19.29,0.3669,1.583
2026-10-01 06:00:00,9.9,0.0,0.0,98,2,1,1,1,1,0,1,2,4,3,2,1.3821,0.0395,0.3981,0.1197,0.0,0.0,0.0,0.0,0.0,0.0,0.0,0.0,0.0144,0.1897,0.0,0.0553,19.7,2.1988,5.193
2026-10-01 07:00:00,9.7,1.0,0.0,100,2,1,1,1,1,0,1,2,4,3,2,1.3962,0.0438,0.0,0.0,0.0,0.0,0.0,0.0,0.0,0.0,0.0,0.0,0.008,0.2043,0.0121,0.0685,20.08,1.7329,1.849
2026-10-01 08:00:00,10.5,63.0,77.3,100,1,1,0,0,1,0,1,2,2,2,0,1.0492,0.0424,0.3979,0.1343,0.0,0.0,0.0,0.0,0.0,0.0,0.0,0.0624,0.0117,0.0596,0.0061,0.05,20.32,1.8136,5.799
2026-10-01 09:00:00,12.0,172.0,204.8,100,1,1,0,0,1,0,1,2,2,2,0,0.8074,0.0401,0.0,0.0,0.0,0.0,0.0,0.0,0.0,0.0,0.0,0.0628,0.0082,0.0,0.0,0.0505,20.51,0.969,1.731
2026-10-01 10:00:00,13.9,294.0,369.9,98,1,1,0,0,1,0,1,2,2,2,0,0.5342,0.0433,0.0,0.0,0.0,0.0,0.0,0.0,0.0,0.0,0.0,0.034,0.0084,0.0,0.0,0.0676,20.67,0.6875,1.703
2026-10-01 11:00:00,16.1,427.0,582.3,100,1,1,0,0,1,0,1,2,2,2,0,0.3288,0.0387,0.0,0.0,0.0,0.0,0.0,0.0,0.0,0.0,0.0,0.0418,0.0132,0.0,0.0,0.0526,20.81,0.4751,1.689
2026-10-01 12:00:00,18.0,512.0,709.6,100,1,1,0,0,1,0,1,2,2,2,0,0.1475,0.0424,0.0,0.0,0.0,0.0,0.0,0.0,0.0,0.0,0.0,0.0563,0.0115,0.0,0.0,0.0687,20.92,0.3264,1.737
2026-10-01 13:00:00,19.2,527.0,721.1,100,1,1,0,0,1,0,1,2,2,2,0,0.0161,0.0376,0.0,0.0,0.0,0.0,0.0,0.0,0.0,0.0,0.0,0.0412,0.0118,0.0,0.0,0.056,20.99,0.1627,1.723
2026-10-01 14:00:00,19.8,485.0,643.0,100,0,1,0,1,1,0,1,2,2,2,1,0.0,0.0423,0.0,0.0,0.0,0.0,0.0,0.0,0.1033,0.0,0.0,0.0343,0.0086,0.0,0.0,0.0574,21.07,0.2459,0.416
2026-10-01 15:00:00,19.9,400.0,510.1,100,0,1,1,1,1,0,1,2,3,3,2,0.0,0.0396,0.0,0.0,0.0,0.0,0.0,0.0,0.0983,0.0,0.1767,0.0384,0.011,0.0,0.0,0.0609,21.13,0.4249,0.888
2026-10-01 16:00:00,19.7,301.0,372.0,100,0,1,1,1,1,0,1,2,3,3,2,0.0,0.04,0.1059,0.0,0.0,0.0,0.0,0.0,0.0384,0.0725,0.0,0.0,0.0086,0.0,0.0036,0.0521,21.18,0.3211,2.416
2026-10-01 17:00:00,19.1,190.0,230.8,100,0,1,1,1,1,0,1,2,3,3,2,0.0,0.0404,0.0,0.0,0.5047,0.371,0.0,0.0,0.0408,0.1131,0.0,0.0,0.0134,0.0,0.0018,0.0375,21.18,1.1227,4.228
2026-10-01 18:00:00,17.2,64.0,67.5,100,0,1,1,1,1,0,1,2,3,3,2,0.0,0.0375,0.0,0.0,1.63,0.6675,0.0,0.0,0.0,0.1068,0.0,0.0353,0.0144,0.0724,0.0,0.0474,21.09,2.6113,4.523
2026-10-01 19:00:00,15.4,3.0,2.8,99,0,1,1,1,1,0,1,2,3,3,2,0.0652,0.0447,0.0,0.0,0.0,0.0,0.0,0.8169,0.0986,0.1324,0.1968,0.0,0.0116,0.2073,0.0055,0.0394,20.98,1.6184,4.774
2026-10-01 20:00:00,14.4,0.0,0.0,98,0,1,1,1,1,0,1,2,3,3,2,0.2309,0.0392,0.0,0.0,0.0,0.0,0.0,0.0,0.108,0.0,0.1081,0.0267,0.0109,0.1878,0.0028,0.0406,20.94,0.755,2.148
2026-10-01 21:00:00,13.6,0.0,0.0,89,0,1,1,1,1,0,1,2,3,3,2,0.3445,0.0403,0.0,0.0,0.0,0.0,0.0,0.0,0.1023,0.0,0.1469,0.0424,0.0086,0.2098,0.0,0.0522,20.92,0.947,2.469
2026-10-01 22:00:00,13.0,0.0,0.0,76,0,1,1,2,1,0,1,2,3,2,2,0.0,0.0383,0.0,0.0,0.0,0.0,0.0,0.0,0.0,0.0,0.0,0.0,0.0129,0.1638,0.0,0.0358,20.7,0.2508,0.251
2026-10-01 23:00:00,12.5,0.0,0.0,62,1,2,2,2,1,0,1,2,4,1,2,0.0,0.0379,0.1662,0.0991,0.0,0.3088,0.0,0.0,0.0,0.0,0.0,0.0,0.0094,0.108,0.0,0.0564,20.48,0.7858,4.914
2026-10-02 00:00:00,12.0,0.0,0.0,46,1,2,2,2,1,0,0,2,4,1,2,0.0,0.0469,0.0,0.0,0.0,0.0,0.0,0.0,0.0,0.0,0.0,0.0,0.0137,0.1257,0.0,0.0493,20.26,0.2356,0.236
2026-10-02 01:00:00,11.6,0.0,0.0,28,2,2,2,2,1,0,0,2,4,0,2,0.0,0.044,0.0,0.0,0.0,0.0,0.0,0.0,0.0,0.0,0.0,0.0,0.0088,0.0,0.0,0.0556,20.03,0.1084,0.1084
2026-10-02 02:00:00,11.1,0.0,0.0,14,2,2,2,2,1,0,0,2,4,0,2,0.0,0.0498,0.0,0.0,0.0,0.0,0.0,0.0,0.0,0.0,0.0,0.0,0.0123,0.0,0.0,0.0321,19.79,0.0942,0.0942
2026-10-02 03:00:00,10.4,0.0,0.0,6,2,2,2,2,1,0,0,2,4,0,2,0.0,0.0452,0.0,0.0,0.0,0.0,0.0,0.0,0.0,0.0,0.0,0.0,0.0109,0.0,0.0,0.0544,19.53,0.1105,0.1105
2026-10-02 04:00:00,9.8,0.0,0.0,2,2,2,2,2,1,0,0,2,4,0,2,0.3354,0.0447,0.0,0.0,0.0,0.0,0.0,0.0,0.0,0.0,0.0,0.0,0.0137,0.0,0.0,0.0592,19.44,0.453,1.618
2026-10-02 05:00:00,9.4,0.0,0.0,0,2,2,2,2,1,0,0,2,4,0,2,0.5332,0.0513,0.0,0.0,0.0,0.0,0.0,0.0,0.0,0.0,0.0,0.0,0.0116,0.0,0.0,0.0559,19.41,0.652,1.619
2026-10-02 06:00:00,9.1,0.0,0.0,0,2,1,1,1,1,0,0,2,4,3,2,2.505,0.0543,0.1545,0.1002,0.0,0.2598,0.0,0.0,0.0,0.0,0.0,0.0,0.0102,0.1836,0.0098,0.0624,20.34,3.3398,7.758
2026-10-02 07:00:00,9.1,0.0,0.0,0,2,1,1,1,1,0,0,2,4,3,2,1.5261,0.0524,0.0,0.0,0.0,0.0,0.0,0.0,0.0,0.0,0.0,0.0,0.0121,0.1758,0.0439,0.04,20.75,1.8503,1.899
2026-10-02 08:00:00,9.9,72.0,113.6,0,1,0,0,0,1,0,0,2,1,1,0,0.9111,0.0486,0.1245,0.1854,0.0,0.0,0.0,0.0,0.1068,0.0,0.0,0.0,0.0093,0.046,0.0195,0.0656,20.86,1.5168,5.215
2026-10-02 09:00:00,12.0,222.0,341.3,0,1,0,0,0,1,0,0,2,1,1,0,0.5288,0.0466,0.0,0.0,0.0,0.0,0.0,0.0,0.1174,0.0,0.0,0.0,0.0116,0.0,0.0,0.0689,20.91,0.7733,1.883
2026-10-02 10:00:00,14.8,358.0,544.5,0,1,0,0,0,1,0,0,2,1,1,0,0.275,0.0508,0.0,0.0,0.0,0.0,0.0,0.0,0.0587,0.0,0.0,0.0,0.0117,0.0,0.0,0.0437,20.95,0.4399,1.665
2026-10-02 11:00:00,17.2,467.0,707.8,0,1,0,0,0,1,0,0,2,1,1,0,0.0943,0.0474,0.0,0.0,0.0,0.0,0.9503,0.0,0.079,0.0,0.0,0.0,0.0085,0.0,0.0,0.0539,20.98,1.2334,2.829
2026-10-02 12:00:00,18.7,550.0,838.5,0,1,0,0,0,1,0,0,2,1,1,0,0.0,0.0457,0.1386,0.0,0.0,0.0,0.0,0.0,0.0668,0.0,0.0,0.0,0.0092,0.0,0.0,0.0462,21.02,0.3065,2.168
2026-10-02 13:00:00,19.7,576.0,876.4,0,1,0,0,0,1,0,0,2,1,1,0,0.0,0.0461,0.0,0.0,0.0,0.0,0.0,0.0,0.0582,0.0,0.0,0.0,0.0131,0.0,0.0,0.0455,21.1,0.1629,0.307
2026-10-02 14:00:00,20.3,551.0,836.7,0,0,0,0,1,1,0,0,2,1,1,1,0.0,0.0486,0.0,0.0,0.0,0.0,0.0,0.0,0.0508,0.0,0.0,0.0,0.0149,0.0,0.0,0.0423,21.19,0.1566,0.242
2026-10-02 15:00:00,20.5,475.0,727.4,0,0,0,1,1,1,0,0,2,2,2,2,0.0,0.0499,0.1593,0.0,0.0,0.0,0.0,0.0,0.0972,0.0,0.0753,0.0,0.014,0.0,0.0,0.0345,21.27,0.4302,2.398
2026-10-02 16:00:00,20.4,370.0,562.2,0,0,0,1,0,1,0,0,2,1,1,1,0.0,0.047,0.0,0.0,0.0,0.0,0.0,0.0,0.1134,0.0,0.0,0.0,0.0131,0.0,0.0,0.0499,21.33,0.2234,0.352
2026-10-02 17:00:00,19.7,235.0,356.8,0,0,1,1,0,1,0,0,2,2,2,1,0.0,0.0488,0.0,0.0,0.0,0.0,0.0,0.0,0.0933,0.0,0.1078,0.0,0.0139,0.0,0.0094,0.0585,21.34,0.3317,0.629
2026-10-02 18:00:00,18.3,83.0,129.0,0,0,1,1,1,1,0,0,2,3,3,2,0.0,0.0552,0.1349,0.0,1.5081,0.0,0.0,0.0,0.0638,0.0,0.1713,0.0,0.0122,0.0,0.0047,0.0393,21.29,1.9895,4.746
2026-10-02 19:00:00,16.3,1.0,0.9,0,0,1,1,1,1,0,0,2,3,3,2,0.0,0.0527,0.0,0.0,0.5103,0.0,0.0,0.0,0.0572,0.081,0.1471,0.0,0.01,0.2112,0.0103,0.0526,21.16,1.1324,3.21
2026-10-02 20:00:00,14.6,0.0,0.0,0,0,1,1,1,1,0,0,2,3,3,2,0.0132,0.0501,0.0,0.0,0.0,0.0,0.0,0.8809,0.0684,0.0997,0.1505,0.0,0.008,0.2155,0.0249,0.0633,21.0,1.5745,3.19
2026-10-02 21:00:00,13.6,0.0,0.0,0,0,1,1,1,1,0,0,2,3,3,2,0.2543,0.0499,0.0,0.0,0.0,0.0,0.0,0.0,0.0716,0.0,0.0,0.0676,0.0125,0.1792,0.0174,0.0542,20.93,0.7067,2.19
2026-10-02 22:00:00,12.9,0.0,0.0,0,0,1,1,2,1,0,0,2,3,2,2,0.0,0.0502,0.0,0.0,0.0,0.0,0.0,0.0,0.0,0.0,0.0,0.0,0.0084,0.1383,0.0038,0.0453,20.71,0.246,0.254
2026-10-02 23:00:00,12.2,0.0,0.0,0,1,2,2,2,1,0,0,2,4,1,2,0.0,0.0468,0.1325,0.144,0.0,0.0,0.0,0.0,0.0,0.0,0.0,0.0,0.0087,0.1057,0.0,0.0591,20.48,0.4968,3.619
2026-10-03 00:00:00,11.6,0.0,0.0,0,1,2,2,2,0,1,0,0,4,1,2,0.0,0.0458,0.0,0.0,0.0,0.0,0.0,0.0,0.0,0.0,0.0,0.0,0.0125,0.1144,0.0,0.053,20.25,0.2257,0.226
2026-10-03 01:00:00,10.9,0.0,0.0,0,2,2,2,2,0,1,0,0,4,0,2,0.0,0.0431,0.0,0.0,0.0,0.0,0.0,0.0,0.0,0.0,0.0,0.0,0.0146,0.0,0.0,0.0409,20.0,0.0986,0.099
2026-10-03 02:00:00,10.4,0.0,0.0,0,2,2,2,2,0,1,0,0,4,0,2,0.0,0.0447,0.0,0.0,0.0,0.0,0.0,0.0,0.0,0.0,0.0,0.0,0.0123,0.0,0.0,0.0649,19.74,0.1219,0.122
2026-10-03 03:00:00,9.8,0.0,0.0,0,2,2,2,2,0,1,0,0,4,0,2,0.0492,0.0453,0.0,0.0,0.0,0.0,0.0,0.0,0.0,0.0,0.0,0.0,0.0087,0.0,0.0,0.052,19.49,0.1552,1.606
2026-10-03 04:00:00,9.3,0.0,0.0,0,2,2,2,2,0,1,0,0,4,0,2,0.4417,0.0441,0.0,0.0,0.0,0.0,0.0,0.0,0.0,0.0,0.0,0.0,0.0135,0.0,0.0,0.0505,19.41,0.5498,1.608
2026-10-03 05:00:00,9.0,0.0,0.0,0,2,2,2,2,0,1,0,0,4,0,2,0.5708,0.0424,0.0,0.0,0.0,0.0,0.0,0.0,0.0,0.0,0.0,0.0,0.0117,0.0,0.0,0.0638,19.39,0.6887,1.618
2026-10-03 06:00:00,8.8,0.0,0.0,0,2,2,2,2,0,1,0,0,4,0,2,2.5901,0.048,0.0,0.0,0.0,0.0,0.0,0.0,0.0,0.0,0.0,0.0,0.0131,0.0,0.0174,0.0414,20.26,2.71,2.728
2026-10-03 07:00:00,8.9,0.0,0.0,0,2,2,2,2,0,1,0,0,4,0,2,1.5032,0.0418,0.0,0.0,0.0,0.0,0.0,0.0,0.0,0.0,0.0,0.0,0.0139,0.0,0.0144,0.0477,20.7,1.621,1.644
2026-10-03 08:00:00,9.7,66.0,107.3,0,1,1,2,2,0,1,0,0,4,2,2,0.91,0.0466,0.2368,0.2816,0.0,0.0,0.0,0.0,0.0,0.0,0.0,0.0,0.0104,0.0657,0.0028,0.0646,20.83,1.6185,4.831
2026-10-03 09:00:00,11.7,218.0,341.3,0,1,1,1,1,0,1,0,0,4,4,2,0.5644,0.0512,0.0,0.0,0.0,0.3654,0.0,0.0,0.0,0.0,0.0,0.0,0.014,0.0,0.0,0.0658,20.89,1.0608,1.758
2026-10-03 10:00:00,14.3,357.0,549.3,0,0,0,0,0,0,1,0,0,0,0,0,0.0,0.0508,0.0,0.0,0.0,0.0,0.0,0.0,0.0,0.0,0.0,0.0,0.0147,0.0,0.0,0.0612,20.75,0.1267,0.127
2026-10-03 11:00:00,16.5,469.0,717.0,0,0,0,0,0,0,1,0,0,0,0,0,0.0,0.048,0.0,0.0,0.0,0.0,0.0,0.0,0.0,0.0,0.0,0.0,0.0133,0.0,0.0,0.0416,20.71,0.1029,0.103
2026-10-03 12:00:00,17.9,551.0,846.4,8,0,0,0,0,0,1,0,0,0,0,0,0.0,0.0474,0.0,0.0,0.0,0.0,0.0,0.0,0.0,0.0,0.0,0.0,0.0116,0.0,0.0,0.0649,20.72,0.1239,0.124
2026-10-03 13:00:00,18.8,576.0,881.9,20,0,0,0,0,0,1,0,0,0,0,0,0.0,0.0478,0.0,0.0,0.0,0.0,0.0,0.0,0.0,0.0,0.0,0.0,0.0094,0.0,0.0,0.0385,20.77,0.0957,0.096
2026-10-03 14:00:00,19.4,551.0,840.7,28,0,0,0,0,0,1,0,0,0,0,0,0.0,0.0435,0.0,0.0,0.0,0.0,0.0,0.0,0.0,0.0,0.0,0.0,0.0146,0.0,0.0,0.0587,20.83,0.1168,0.117
2026-10-03 15:00:00,19.6,471.0,724.0,28,1,1,1,1,0,1,0,0,4,4,2,0.1068,0.0508,0.2666,0.159,0.0,0.4848,0.0,0.0,0.0,0.0,0.0,0.0,0.0142,0.0,0.0,0.041,20.98,1.1232,7.038
2026-10-03 16:00:00,19.4,367.0,559.2,25,1,1,1,1,0,1,0,0,4,4,2,0.0,0.0545,0.0,0.0,0.0,0.0,0.0,0.0,0.0608,0.0,0.1006,0.0,0.0134,0.0,0.0,0.0357,21.04,0.265,0.527
2026-10-03 17:00:00,18.7,233.0,355.4,30,1,1,1,1,0,1,0,0,4,4,2,0.0,0.0552,0.0,0.0,0.0,0.0,0.0,0.0,0.0815,0.0,0.1106,0.0,0.0115,0.0,0.0085,0.0505,21.05,0.3178,0.609
2026-10-03 18:00:00,17.4,81.0,127.4,51,1,1,1,1,0,1,0,0,4,4,2,0.0104,0.0542,0.0867,0.0,0.0874,0.0,0.0,0.0,0.0,0.0934,0.0,0.0,0.0081,0.0,0.0042,0.0367,21.0,0.3811,4.212
2026-10-03 19:00:00,15.6,0.0,0.0,79,1,1,1,1,0,1,0,0,4,4,2,0.1851,0.0521,0.0308,0.0,1.3351,0.0,0.0,0.0,0.0607,0.0853,0.0,0.0,0.0097,0.2092,0.0,0.0522,20.97,2.0202,4.719
2026-10-03 20:00:00,14.1,0.0,0.0,100,1,1,1,1,0,1,0,0,4,4,2,0.2927,0.0534,0.0,0.0,0.0,0.0,0.9004,0.0,0.0673,0.1274,0.0,0.0,0.0098,0.1857,0.0,0.0487,20.96,1.6854,4.707
2026-10-03 21:00:00,13.3,0.0,0.0,100,1,1,1,1,0,1,0,0,4,4,2,0.3599,0.0553,0.0,0.0,0.0,0.0,0.0,0.9536,0.0728,0.0,0.2212,0.0,0.0136,0.193,0.0,0.0347,20.95,1.9041,4.621
2026-10-03 22:00:00,12.8,0.0,0.0,100,1,1,1,1,0,1,0,0,4,4,2,0.0,0.0543,0.0,0.0,0.0,0.0,0.0,0.0,0.0921,0.0,0.0,0.0,0.0085,0.2073,0.0216,0.0354,20.74,0.4192,0.581
2026-10-03 23:00:00,12.3,0.0,0.0,99,2,1,1,2,0,1,0,0,4,2,2,0.0,0.0461,0.0,0.0,0.0,0.0,0.0,0.0,0.0,0.0,0.0,0.0,0.0101,0.1494,0.0108,0.0583,20.52,0.2747,0.296
2026-10-04 00:00:00,11.3,0.0,0.0,53,2,2,2,2,0,1,0,0,4,0,2,0.0,0.0437,0.0,0.0,0.0,0.0,0.0,0.0,0.0,0.0,0.0,0.0,0.0116,0.0,0.0,0.0355,20.27,0.0908,0.091
2026-10-04 01:00:00,10.7,0.0,0.0,41,2,2,2,2,0,1,0,0,4,0,2,0.0,0.0405,0.0,0.0,0.0,0.0,0.0,0.0,0.0,0.0,0.0,0.0,0.0127,0.0,0.0,0.0403,20.01,0.0935,0.094
2026-10-04 02:00:00,10.3,0.0,0.0,35,2,2,2,2,0,1,0,0,4,0,2,0.0,0.0417,0.0,0.0,0.0,0.0,0.0,0.0,0.0,0.0,0.0,0.0,0.0089,0.0,0.0,0.0364,19.75,0.087,0.087
2026-10-04 03:00:00,9.8,0.0,0.0,37,2,2,2,2,0,1,0,0,4,0,2,0.0433,0.0454,0.0,0.0,0.0,0.0,0.0,0.0,0.0,0.0,0.0,0.0,0.0096,0.0,0.0,0.0559,19.5,0.1542,1.611
2026-10-04 04:00:00,9.3,0.0,0.0,44,2,2,2,2,0,1,0,0,4,0,2,0.5059,0.0387,0.0,0.0,0.0,0.0,0.0,0.0,0.0,0.0,0.0,0.0,0.0128,0.0,0.0,0.0385,19.45,0.5959,1.59
2026-10-04 05:00:00,8.9,0.0,0.0,54,2,2,2,2,0,1,0,0,4,0,2,0.5987,0.043,0.0,0.0,0.0,0.0,0.0,0.0,0.0,0.0,0.0,0.0,0.0087,0.0,0.0,0.0692,19.44,0.7196,1.621
2026-10-04 06:00:00,8.6,0.0,0.0,66,2,2,2,2,0,1,0,0,4,0,2,2.796,0.044,0.0,0.0,0.0,0.0,0.0,0.0,0.0,0.0,0.0,0.0,0.012,0.0,0.0183,0.0337,20.48,2.904,2.922
2026-10-04 07:00:00,8.6,0.0,0.0,76,2,2,2,2,0,1,0,0,4,0,2,1.55,0.0467,0.0,0.0,0.0,0.0,0.0,0.0,0.0,0.0,0.0,0.0,0.0145,0.0,0.0156,0.0674,20.85,1.6942,1.719
2026-10-04 08:00:00,9.0,60.0,93.1,84,1,1,2,2,0,1,0,0,4,2,2,0.8518,0.0454,0.1376,0.2403,0.0,0.0,0.0,0.0,0.1192,0.0,0.0,0.0,0.0118,0.0581,0.0032,0.0654,20.92,1.5328,5.196
2026-10-04 09:00:00,10.1,204.0,302.3,89,1,1,1,1,0,1,0,0,4,4,2,0.6093,0.0476,0.2711,0.0,0.0,0.5983,0.7509,0.0,0.1229,0.0,0.0,0.0,0.0094,0.0,0.0,0.0658,20.95,2.4753,6.704
2026-10-04 10:00:00,11.7,325.0,461.2,93,1,1,1,1,0,1,0,0,4,4,2,0.4386,0.0528,0.0,0.0,0.0,0.0,0.0,0.0,0.1301,0.115,0.0,0.0,0.0082,0.0,0.0,0.0699,20.97,0.8146,2.142
2026-10-04 11:00:00,13.7,407.0,563.3,95,1,1,1,1,0,1,0,0,4,4,2,0.2469,0.0501,0.0,0.0,0.0,0.0,0.0,0.0,0.0,0.128,0.1688,0.0,0.0127,0.0,0.0,0.0507,20.99,0.6572,2.105
2026-10-04 12:00:00,15.6,445.0,601.9,97,1,1,1,1,0,1,0,0,4,4,2,0.1033,0.051,0.0,0.0,0.0,0.0,0.0,0.0,0.0,0.0,0.0,0.0,0.0136,0.0,0.0,0.0449,21.0,0.2128,1.609
2026-10-04 13:00:00,17.1,439.0,577.7,99,1,1,1,1,0,1,0,0,4,4,2,0.0061,0.0489,0.0,0.133,0.0,0.0,0.0,0.0,0.065,0.0,0.0,0.0,0.0097,0.0,0.0,0.0563,21.0,0.319,1.709
2026-10-04 14:00:00,18.0,395.0,500.0,100,1,1,1,1,0,1,0,0,4,4,2,0.0,0.0513,0.0,0.0,0.0,0.0,0.0,0.0,0.1027,0.0,0.0,0.0,0.0096,0.0,0.0,0.0429,21.02,0.2065,0.342
2026-10-04 15:00:00,18.0,262.0,271.4,100,1,1,1,1,0,1,0,0,4,4,2,0.0,0.0512,0.0,0.0,0.0,0.0,0.0,0.0,0.0662,0.1912,0.0,0.0,0.0105,0.0,0.0,0.0588,21.01,0.3779,0.661
2026-10-04 16:00:00,17.5,191.0,194.4,100,1,1,1,1,0,1,0,0,4,4,2,0.0357,0.0559,0.0,0.0,0.0,0.0,0.0,0.0,0.0862,0.0,0.0,0.0,0.009,0.0,0.0158,0.0332,21.0,0.2358,1.817
2026-10-04 17:00:00,16.7,113.0,113.6,99,1,1,1,1,0,1,0,0,4,4,2,0.1245,0.0454,0.0,0.0,0.0,0.0,0.0,0.0,0.0,0.1272,0.0,0.0,0.0082,0.0,0.0233,0.0435,21.0,0.3721,1.937
2026-10-04 18:00:00,15.7,35.0,34.9,97,1,1,1,1,0,1,0,0,4,4,2,0.2284,0.0525,0.0,0.0,1.472,1.8873,0.0,0.0,0.0622,0.1302,0.1069,0.0559,0.0088,0.0745,0.0077,0.0683,21.0,4.1547,7.023
2026-10-04 19:00:00,14.7,0.0,0.0,96,1,1,1,1,0,1,0,0,4,4,2,0.3081,0.0491,0.0,0.0,0.0,0.0,0.0,0.8607,0.0825,0.1196,0.0,0.0473,0.0137,0.203,0.0,0.0405,21.0,1.7245,2.925
2026-10-04 20:00:00,13.9,0.0,0.0,96,1,1,1,1,0,1,0,0,4,4,2,0.3656,0.0513,0.0,0.0,0.0,0.0,0.0,0.0,0.0,0.0516,0.1612,0.0469,0.0133,0.2053,0.0075,0.0386,21.0,0.9413,2.14
2026-10-04 21:00:00,13.4,0.0,0.0,96,1,1,1,1,0,1,0,0,4,4,2,0.3922,0.0495,0.0,0.0,0.0,0.0,0.0,0.0,0.056,0.0,0.1722,0.0234,0.0093,0.1959,0.023,0.06,21.0,0.9815,2.468
2026-10-04 22:00:00,12.8,0.0,0.0,97,1,1,1,1,0,1,0,0,4,4,2,0.0,0.0507,0.0,0.0,0.0,0.0,0.0,0.0,0.0433,0.0,0.0,0.0,0.0097,0.1859,0.0096,0.0418,20.78,0.341,0.444
2026-10-04 23:00:00,12.3,0.0,0.0,98,2,1,1,2,0,1,0,0,4,2,2,0.0,0.0461,0.0,0.0,0.0,0.0,0.0,0.0,0.0,0.0,0.0,0.0,0.0082,0.1586,0.0,0.0695,20.56,0.2824,0.2824
2026-10-05 00:00:00,11.8,0.0,0.0,99,2,2,2,2,1,0,0,3,4,0,2,0.0,0.0371,0.0,0.0,0.0,0.0,0.0,0.0,0.0,0.0,0.0,0.0,0.0094,0.0,0.0,0.042,20.32,0.0885,0.089
2026-10-05 01:00:00,11.4,0.0,0.0,99,2,2,2,2,1,0,0,3,4,0,2,0.0,0.0385,0.0,0.0,0.0,0.0,0.0,0.0,0.0,0.0,0.0,0.0,0.0102,0.0,0.0,0.0442,20.09,0.0929,0.093
2026-10-05 02:00:00,11.0,0.0,0.0,100,2,2,2,2,1,0,0,3,4,0,2,0.0,0.0379,0.0,0.0,0.0,0.0,0.0,0.0,0.0,0.0,0.0,0.0,0.0143,0.0,0.0,0.0336,19.84,0.0858,0.086
2026-10-05 03:00:00,10.7,0.0,0.0,100,2,2,2,2,1,0,0,3,4,0,2,0.0,0.0374,0.0,0.0,0.0,0.0,0.0,0.0,0.0,0.0,0.0,0.0,0.009,0.0,0.0,0.0312,19.6,0.0776,0.078
2026-10-05 04:00:00,10.4,0.0,0.0,100,2,2,2,2,1,0,0,3,4,0,2,0.3052,0.037,0.0,0.0,0.0,0.0,0.0,0.0,0.0,0.0,0.0,0.0,0.0102,0.0,0.0,0.0336,19.5,0.386,1.581
2026-10-05 05:00:00,10.2,0.0,0.0,100,2,2,2,2,1,0,0,3,4,0,2,0.5368,0.0397,0.0,0.0,0.0,0.0,0.0,0.0,0.0,0.0,0.0,0.0,0.0119,0.0,0.0,0.05,19.5,0.6384,1.602
2026-10-05 06:00:00,10.1,0.0,0.0,100,2,1,1,1,1,0,0,3,4,3,2,3.2207,0.0414,0.3468,0.1382,0.0,0.0,0.7365,0.0,0.0,0.0,0.0,0.0,0.0095,0.2035,0.0046,0.036,20.89,4.7372,9.704
2026-10-05 07:00:00,10.1,0.0,0.0,100,2,1,1,1,1,0,0,3,4,3,2,0.8486,0.0404,0.0,0.0,0.0,0.0,0.0,0.0,0.0,0.0,0.0,0.0,0.0089,0.1894,0.0139,0.0322,20.98,1.1334,1.801
2026-10-05 08:00:00,10.2,25.0,24.5,100,1,0,0,0,1,0,0,3,1,1,0,0.6678,0.0393,0.1523,0.128,0.0,0.0,0.0,0.0,0.0,0.0,0.0,0.0,0.0128,0.0485,0.0058,0.0652,20.98,1.1197,3.399
2026-10-05 09:00:00,10.6,74.0,70.5,100,1,0,0,0,1,0,0,3,1,1,0,0.578,0.0396,0.0,0.0,0.0,0.0,0.0,0.0,0.0,0.0,0.0,0.0,0.0145,0.0501,0.0,0.0416,20.98,0.7238,1.646
2026-10-05 10:00:00,11.2,120.0,115.3,100,1,0,0,0,1,0,0,3,1,1,0,0.5678,0.0375,0.0,0.0,0.0,0.0,0.0,0.0,0.0,0.0,0.0,0.0,0.0088,0.0,0.0,0.0393,20.98,0.6534,1.586
2026-10-05 11:00:00,12.0,154.0,148.2,100,1,0,0,0,1,0,0,3,1,1,0,0.4855,0.0415,0.0,0.0,0.0,0.0,0.0,0.0,0.0,0.0,0.0,0.0,0.0148,0.0,0.0,0.057,20.99,0.5988,1.613
2026-10-05 12:00:00,12.7,175.0,169.8,100,1,0,0,0,1,0,0,3,1,1,0,0.4558,0.0413,0.0,0.0,0.0,0.0,0.0,0.0,0.0671,0.0,0.0,0.0,0.0104,0.0,0.0,0.0651,21.0,0.6397,1.684
2026-10-05 13:00:00,13.3,182.0,178.4,100,1,0,0,0,1,0,0,3,1,1,0,0.3945,0.0367,0.0,0.1447,0.0,0.5483,0.0,0.0,0.1151,0.0,0.0,0.0,0.0149,0.0,0.0,0.0603,21.0,1.3145,3.626
2026-10-05 14:00:00,13.7,176.0,175.1,100,1,0,0,1,1,0,0,3,2,2,1,0.3505,0.0361,0.0,0.0,0.0,0.0,0.0,0.0,0.096,0.0,0.0,0.0,0.0119,0.0,0.0,0.0503,21.0,0.5448,1.813
2026-10-05 15:00:00,13.7,165.0,182.0,99,1,0,1,1,1,0,0,3,3,3,2,0.3227,0.0421,0.0,0.0,0.0,0.0,0.0,0.0,0.0,0.0955,0.0,0.0,0.0115,0.0,0.0,0.0659,21.0,0.5377,1.834
2026-10-05 16:00:00,13.6,128.0,146.0,98,1,0,0,1,1,0,0,3,2,2,1,0.3423,0.0436,0.0,0.0,0.0,0.0,0.0,0.0,0.045,0.0,0.0,0.0,0.0111,0.0,0.0057,0.0509,21.0,0.4986,1.764
2026-10-05 17:00:00,13.3,79.0,94.0,97,1,1,0,1,1,0,0,3,3,3,1,0.3696,0.0413,0.0,0.0,0.0,0.0,0.0,0.0,0.0459,0.0,0.0,0.0,0.0131,0.0731,0.0119,0.0341,21.0,0.589,1.835
2026-10-05 18:00:00,13.0,24.0,31.4,96,1,1,1,1,1,0,0,3,4,4,2,0.3955,0.0445,0.0,0.0,0.0,1.0093,0.0,0.0,0.1228,0.0,0.0,0.0683,0.0134,0.0766,0.0045,0.0579,21.0,1.7928,4.071
2026-10-05 19:00:00,12.5,0.0,0.0,94,1,1,1,1,1,0,0,3,4,4,2,0.4462,0.0457,0.0,0.0,0.0,0.0,0.0,0.0,0.0,0.0,0.1574,0.0,0.0124,0.1711,0.0057,0.0302,21.0,0.8687,2.108
2026-10-05 20:00:00,12.1,0.0,0.0,91,1,1,1,1,1,0,0,3,4,4,2,0.4623,0.0455,0.0,0.0,0.0,0.0,0.0,0.8359,0.0,0.0966,0.103,0.0,0.0101,0.2007,0.0028,0.0462,21.0,1.8031,2.821
2026-10-05 21:00:00,11.5,0.0,0.0,87,1,1,1,1,1,0,0,3,4,4,2,0.5045,0.042,0.0,0.0,0.0,0.0,0.0,0.0,0.0696,0.0,0.0,0.0,0.0103,0.1941,0.0,0.0578,21.0,0.8783,1.956
2026-10-05 22:00:00,10.9,0.0,0.0,81,0,1,1,2,1,0,0,3,3,2,2,0.0,0.0396,0.0,0.0,0.0,0.0,0.0,0.0,0.0694,0.0,0.0,0.0,0.0121,0.1447,0.0,0.0319,20.71,0.2977,0.425
2026-10-05 23:00:00,10.1,0.0,0.0,75,0,2,2,2,1,0,0,3,3,0,2,0.0,0.0376,0.0,0.0,0.0,0.0,0.0,0.0,0.0,0.0,0.0,0.0,0.0088,0.0,0.0,0.0587,20.41,0.1051,0.1051
