timestamp,outdoor_temp_c,radiation_w_m2,gti_w_m2,cloud_cover_pct
2026-09-28 00:00:00,13.7,0.0,0.0,0
2026-09-28 01:00:00,13.4,0.0,0.0,0
2026-09-28 02:00:00,12.9,0.0,0.0,0
2026-09-28 03:00:00,12.4,0.0,0.0,0
2026-09-28 04:00:00,12.0,0.0,0.0,0
2026-09-28 05:00:00,11.6,0.0,0.0,0
2026-09-28 06:00:00,11.1,0.0,0.0,0
2026-09-28 07:00:00,11.1,3.0,2.8,0
2026-09-28 08:00:00,12.0,81.0,100.9,0
2026-09-28 09:00:00,13.7,217.0,291.7,0
2026-09-28 10:00:00,15.9,356.0,494.3,0
2026-09-28 11:00:00,18.0,472.0,663.6,0
2026-09-28 12:00:00,19.6,548.0,776.1,0
2026-09-28 13:00:00,20.6,578.0,820.3,0
2026-09-28 14:00:00,21.3,557.0,789.8,0
2026-09-28 15:00:00,21.5,488.0,687.9,0
2026-09-28 16:00:00,21.5,378.0,526.5,0
2026-09-28 17:00:00,21.1,240.0,325.8,0
2026-09-28 18:00:00,20.2,100.0,127.1,0
2026-09-28 19:00:00,18.7,7.0,7.8,0
2026-09-28 20:00:00,17.5,0.0,0.0,0
2026-09-28 21:00:00,16.5,0.0,0.0,0
2026-09-28 22:00:00,15.8,0.0,0.0,0
2026-09-28 23:00:00,15.4,0.0,0.0,0
2026-09-29 00:00:00,14.8,0.0,0.0,0
2026-09-29 01:00:00,14.2,0.0,0.0,0
2026-09-29 02:00:00,13.6,0.0,0.0,0
2026-09-29 03:00:00,13.0,0.0,0.0,0
2026-09-29 04:00:00,12.6,0.0,0.0,0
2026-09-29 05:00:00,12.2,0.0,0.0,0
2026-09-29 06:00:00,11.8,0.0,0.0,0
2026-09-29 07:00:00,11.8,2.0,1.9,0
2026-09-29 08:00:00,12.7,80.0,100.8,0
2026-09-29 09:00:00,13.8,219.0,295.1,0
2026-09-29 10:00:00,15.6,361.0,502.1,0
2026-09-29 11:00:00,18.0,477.0,671.8,0
2026-09-29 12:00:00,19.5,554.0,785.5,0
2026-09-29 13:00:00,20.5,582.0,828.6,0
2026-09-29 14:00:00,21.0,558.0,794.0,0
2026-09-29 15:00:00,21.3,487.0,690.7,0
2026-09-29 16:00:00,21.1,374.0,525.4,0
2026-09-29 17:00:00,20.6,236.0,323.2,0
2026-09-29 18:00:00,19.7,95.0,122.9,0
2026-09-29 19:00:00,18.3,6.0,7.0,0
2026-09-29 20:00:00,17.2,0.0,0.0,0
2026-09-29 21:00:00,16.3,0.0,0.0,0
2026-09-29 22:00:00,15.6,0.0,0.0,0
2026-09-29 23:00:00,15.3,0.0,0.0,0
2026-09-30 00:00:00,14.7,0.0,0.0,0
2026-09-30 01:00:00,14.1,0.0,0.0,0
2026-09-30 02:00:00,13.4,0.0,0.0,0
2026-09-30 03:00:00,12.9,0.0,0.0,0
2026-09-30 04:00:00,12.4,0.0,0.0,0
2026-09-30 05:00:00,11.9,0.0,0.0,0
2026-09-30 06:00:00,11.4,0.0,0.0,0
2026-09-30 07:00:00,11.3,2.0,1.9,0
2026-09-30 08:00:00,12.1,75.0,96.1,0
2026-09-30 09:00:00,13.6,211.0,287.7,6
2026-09-30 10:00:00,15.8,347.0,485.9,79
2026-09-30 11:00:00,18.0,459.0,649.8,21
2026-09-30 12:00:00,19.9,536.0,765.2,45
2026-09-30 13:00:00,21.2,562.0,803.2,33
2026-09-30 14:00:00,22.0,540.0,771.7,9
2026-09-30 15:00:00,22.3,471.0,670.0,0
2026-09-30 16:00:00,22.3,361.0,508.9,88
2026-09-30 17:00:00,21.4,220.0,296.0,80
2026-09-30 18:00:00,19.3,88.5,121.5,10
2026-09-30 19:00:00,16.9,4.0,5.4,1
2026-09-30 20:00:00,15.1,0.0,0.0,0
2026-09-30 21:00:00,14.5,0.0,0.0,75
2026-09-30 22:00:00,13.7,0.0,0.0,100
2026-09-30 23:00:00,13.1,0.0,0.0,100
2026-10-01 00:00:00,12.6,0.0,0.0,100
2026-10-01 01:00:00,12.0,0.0,0.0,100
2026-10-01 02:00:00,11.4,0.0,0.0,100
2026-10-01 03:00:00,10.9,0.0,0.0,100
2026-10-01 04:00:00,10.5,0.0,0.0,100
2026-10-01 05:00:00,10.2,0.0,0.0,98
2026-10-01 06:00:00,9.9,0.0,0.0,98
2026-10-01 07:00:00,9.7,1.0,0.0,100
2026-10-01 08:00:00,10.5,63.0,77.3,100
2026-10-01 09:00:00,12.0,172.0,204.8,100
2026-10-01 10:00:00,13.9,294.0,369.9,98
2026-10-01 11:00:00,16.1,427.0,582.3,100
2026-10-01 12:00:00,18.0,512.0,709.6,100
2026-10-01 13:00:00,19.2,527.0,721.1,100
2026-10-01 14:00:00,19.8,485.0,643.0,100
2026-10-01 15:00:00,19.9,400.0,510.1,100
2026-10-01 16:00:00,19.7,301.0,372.0,100
2026-10-01 17:00:00,19.1,190.0,230.8,100
2026-10-01 18:00:00,17.2,64.0,67.5,100
2026-10-01 19:00:00,15.4,3.0,2.8,99
2026-10-01 20:00:00,14.4,0.0,0.0,98
2026-10-01 21:00:00,13.6,0.0,0.0,89
2026-10-01 22:00:00,13.0,0.0,0.0,76
2026-10-01 23:00:00,12.5,0.0,0.0,62
2026-10-02 00:00:00,12.0,0.0,0.0,46
2026-10-02 01:00:00,11.6,0.0,0.0,28
2026-10-02 02:00:00,11.1,0.0,0.0,14
2026-10-02 03:00:00,10.4,0.0,0.0,6
2026-10-02 04:00:00,9.8,0.0,0.0,2
2026-10-02 05:00:00,9.4,0.0,0.0,0
2026-10-02 06:00:00,9.1,0.0,0.0,0
2026-10-02 07:00:00,9.1,0.0,0.0,0
2026-10-02 08:00:00,9.9,72.0,113.6,0
2026-10-02 09:00:00,12.0,222.0,341.3,0
2026-10-02 10:00:00,14.8,358.0,544.5,0
2026-10-02 11:00:00,17.2,467.0,707.8,0
2026-10-02 12:00:00,18.7,550.0,838.5,0
2026-10-02 13:00:00,19.7,576.0,876.4,0
2026-10-02 14:00:00,20.3,551.0,836.7,0
2026-10-02 15:00:00,20.5,475.0,727.4,0
2026-10-02 16:00:00,20.4,370.0,562.2,0
2026-10-02 17:00:00,19.7,235.0,356.8,0
2026-10-02 18:00:00,18.3,83.0,129.0,0
2026-10-02 19:00:00,16.3,1.0,0.9,0
2026-10-02 20:00:00,14.6,0.0,0.0,0
2026-10-02 21:00:00,13.6,0.0,0.0,0
2026-10-02 22:00:00,12.9,0.0,0.0,0
2026-10-02 23:00:00,12.2,0.0,0.0,0
2026-10-03 00:00:00,11.6,0.0,0.0,0
2026-10-03 01:00:00,10.9,0.0,0.0,0
2026-10-03 02:00:00,10.4,0.0,0.0,0
2026-10-03 03:00:00,9.8,0.0,0.0,0
2026-10-03 04:00:00,9.3,0.0,0.0,0
2026-10-03 05:00:00,9.0,0.0,0.0,0
2026-10-03 06:00:00,8.8,0.0,0.0,0
2026-10-03 07:00:00,8.9,0.0,0.0,0
2026-10-03 08:00:00,9.7,66.0,107.3,0
2026-10-03 09:00:00,11.7,218.0,341.3,0
2026-10-03 10:00:00,14.3,357.0,549.3,0
2026-10-03 11:00:00,16.5,469.0,717.0,0
2026-10-03 12:00:00,17.9,551.0,846.4,8
2026-10-03 13:00:00,18.8,576.0,881.9,20
2026-10-03 14:00:00,19.4,551.0,840.7,28
2026-10-03 15:00:00,19.6,471.0,724.0,28
2026-10-03 16:00:00,19.4,367.0,559.2,25
2026-10-03 17:00:00,18.7,233.0,355.4,30
2026-10-03 18:00:00,17.4,81.0,127.4,51
2026-10-03 19:00:00,15.6,0.0,0.0,79
2026-10-03 20:00:00,14.1,0.0,0.0,100
2026-10-03 21:00:00,13.3,0.0,0.0,100
2026-10-03 22:00:00,12.8,0.0,0.0,100
2026-10-03 23:00:00,12.3,0.0,0.0,99
2026-10-04 00:00:00,11.3,0.0,0.0,53
2026-10-04 01:00:00,10.7,0.0,0.0,41
2026-10-04 02:00:00,10.3,0.0,0.0,35
2026-10-04 03:00:00,9.8,0.0,0.0,37
2026-10-04 04:00:00,9.3,0.0,0.0,44
2026-10-04 05:00:00,8.9,0.0,0.0,54
2026-10-04 06:00:00,8.6,0.0,0.0,66
2026-10-04 07:00:00,8.6,0.0,0.0,76
2026-10-04 08:00:00,9.0,60.0,93.1,84
2026-10-04 09:00:00,10.1,204.0,302.3,89
2026-10-04 10:00:00,11.7,325.0,461.2,93
2026-10-04 11:00:00,13.7,407.0,563.3,95
2026-10-04 12:00:00,15.6,445.0,601.9,97
2026-10-04 13:00:00,17.1,439.0,577.7,99
2026-10-04 14:00:00,18.0,395.0,500.0,100
2026-10-04 15:00:00,18.0,262.0,271.4,100
2026-10-04 16:00:00,17.5,191.0,194.4,100
2026-10-04 17:00:00,16.7,113.0,113.6,99
2026-10-04 18:00:00,15.7,35.0,34.9,97
2026-10-04 19:00:00,14.7,0.0,0.0,96
2026-10-04 20:00:00,13.9,0.0,0.0,96
2026-10-04 21:00:00,13.4,0.0,0.0,96
2026-10-04 22:00:00,12.8,0.0,0.0,97
2026-10-04 23:00:00,12.3,0.0,0.0,98
2026-10-05 00:00:00,11.8,0.0,0.0,99
2026-10-05 01:00:00,11.4,0.0,0.0,99
2026-10-05 02:00:00,11.0,0.0,0.0,100
2026-10-05 03:00:00,10.7,0.0,0.0,100
2026-10-05 04:00:00,10.4,0.0,0.0,100
2026-10-05 05:00:00,10.2,0.0,0.0,100
2026-10-05 06:00:00,10.1,0.0,0.0,100
2026-10-05 07:00:00,10.1,0.0,0.0,100
2026-10-05 08:00:00,10.2,25.0,24.5,100
2026-10-05 09:00:00,10.6,74.0,70.5,100
2026-10-05 10:00:00,11.2,120.0,115.3,100
2026-10-05 11:00:00,12.0,154.0,148.2,100
2026-10-05 12:00:00,12.7,175.0,169.8,100
2026-10-05 13:00:00,13.3,182.0,178.4,100
2026-10-05 14:00:00,13.7,176.0,175.1,100
2026-10-05 15:00:00,13.7,165.0,182.0,99
2026-10-05 16:00:00,13.6,128.0,146.0,98
2026-10-05 17:00:00,13.3,79.0,94.0,97
2026-10-05 18:00:00,13.0,24.0,31.4,96
2026-10-05 19:00:00,12.5,0.0,0.0,94
2026-10-05 20:00:00,12.1,0.0,0.0,91
2026-10-05 21:00:00,11.5,0.0,0.0,87
2026-10-05 22:00:00,10.9,0.0,0.0,81
2026-10-05 23:00:00,10.1,0.0,0.0,75
